2024-09-02 14:02:34 INFO  Base3:98 - *******************************
2024-09-02 14:02:34 INFO  Base3:99 - Web Base Program Start
2024-09-02 14:02:34 INFO  Base3:100 - GB.exePath: E:/kevin/myCode/pbxSet
2024-09-02 14:02:34 INFO  Base3:101 - GB.webRootPath: E:/kevin/myCode/webIcs/build/web
2024-09-02 14:10:49 INFO  Base3:98 - *******************************
2024-09-02 14:10:49 INFO  Base3:99 - Web Base Program Start
2024-09-02 14:10:49 INFO  Base3:100 - GB.exePath: E:/kevin/myCode/pbxSet
2024-09-02 14:10:49 INFO  Base3:101 - GB.webRootPath: E:/kevin/myCode/webIcs/build/web
2024-09-02 14:11:51 INFO  Base3:98 - *******************************
2024-09-02 14:11:51 INFO  Base3:99 - Web Base Program Start
2024-09-02 14:11:51 INFO  Base3:100 - GB.exePath: E:/kevin/myCode/pbxSet
2024-09-02 14:11:51 INFO  Base3:101 - GB.webRootPath: E:/kevin/myCode/webIcs/build/web
2024-09-02 14:13:50 INFO  Base3:98 - *******************************
2024-09-02 14:13:50 INFO  Base3:99 - Web Base Program Start
2024-09-02 14:13:50 INFO  Base3:100 - GB.exePath: E:/kevin/myCode/pbxSet
2024-09-02 14:13:50 INFO  Base3:101 - GB.webRootPath: E:/kevin/myCode/webIcs/build/web
2024-09-02 14:36:33 INFO  Base3:98 - *******************************
2024-09-02 14:36:33 INFO  Base3:99 - Web Base Program Start
2024-09-02 14:36:33 INFO  Base3:100 - GB.exePath: E:/kevin/myCode/pbxSet
2024-09-02 14:36:33 INFO  Base3:101 - GB.webRootPath: E:/kevin/myCode/webIcs/build/web
2024-09-02 14:37:34 INFO  Base3:98 - *******************************
2024-09-02 14:37:34 INFO  Base3:99 - Web Base Program Start
2024-09-02 14:37:34 INFO  Base3:100 - GB.exePath: E:/kevin/myCode/pbxSet
2024-09-02 14:37:34 INFO  Base3:101 - GB.webRootPath: E:/kevin/myCode/webIcs/build/web
2024-09-02 14:38:40 INFO  Base3:98 - *******************************
2024-09-02 14:38:40 INFO  Base3:99 - Web Base Program Start
2024-09-02 14:38:40 INFO  Base3:100 - GB.exePath: E:/kevin/myCode/pbxSet
2024-09-02 14:38:40 INFO  Base3:101 - GB.webRootPath: E:/kevin/myCode/webIcs/build/web
2024-09-02 14:45:29 INFO  Base3:98 - *******************************
2024-09-02 14:45:29 INFO  Base3:99 - Web Base Program Start
2024-09-02 14:45:29 INFO  Base3:100 - GB.exePath: E:/kevin/myCode/pbxSet
2024-09-02 14:45:29 INFO  Base3:101 - GB.webRootPath: E:/kevin/myCode/webIcs/build/web
2024-09-02 14:47:58 INFO  Base3:98 - *******************************
2024-09-02 14:47:58 INFO  Base3:99 - Web Base Program Start
2024-09-02 14:47:58 INFO  Base3:100 - GB.exePath: E:/kevin/myCode/pbxSet
2024-09-02 14:47:58 INFO  Base3:101 - GB.webRootPath: E:/kevin/myCode/webIcs/build/web
2024-09-02 15:08:08 INFO  Base3:98 - *******************************
2024-09-02 15:08:08 INFO  Base3:99 - Web Base Program Start
2024-09-02 15:08:08 INFO  Base3:100 - GB.exePath: E:/kevin/myCode/pbxSet
2024-09-02 15:08:08 INFO  Base3:101 - GB.webRootPath: E:/kevin/myCode/webIcs/build/web
2024-09-02 15:13:35 INFO  Base3:98 - *******************************
2024-09-02 15:13:35 INFO  Base3:99 - Web Base Program Start
2024-09-02 15:13:35 INFO  Base3:100 - GB.exePath: E:/kevin/myCode/pbxSet
2024-09-02 15:13:35 INFO  Base3:101 - GB.webRootPath: E:/kevin/myCode/webIcs/build/web
2024-09-02 15:14:55 INFO  Base3:98 - *******************************
2024-09-02 15:14:55 INFO  Base3:99 - Web Base Program Start
2024-09-02 15:14:55 INFO  Base3:100 - GB.exePath: E:/kevin/myCode/pbxSet
2024-09-02 15:14:55 INFO  Base3:101 - GB.webRootPath: E:/kevin/myCode/webIcs/build/web
2024-09-02 15:22:58 INFO  Base3:98 - *******************************
2024-09-02 15:22:58 INFO  Base3:99 - Web Base Program Start
2024-09-02 15:22:58 INFO  Base3:100 - GB.exePath: E:/kevin/myCode/pbxSet
2024-09-02 15:22:58 INFO  Base3:101 - GB.webRootPath: E:/kevin/myCode/webIcs/build/web
2024-09-02 15:27:59 INFO  Base3:98 - *******************************
2024-09-02 15:27:59 INFO  Base3:99 - Web Base Program Start
2024-09-02 15:27:59 INFO  Base3:100 - GB.exePath: E:/kevin/myCode/pbxSet
2024-09-02 15:27:59 INFO  Base3:101 - GB.webRootPath: E:/kevin/myCode/webIcs/build/web
2024-09-02 15:29:21 INFO  Base3:98 - *******************************
2024-09-02 15:29:21 INFO  Base3:99 - Web Base Program Start
2024-09-02 15:29:21 INFO  Base3:100 - GB.exePath: E:/kevin/myCode/pbxSet
2024-09-02 15:29:21 INFO  Base3:101 - GB.webRootPath: E:/kevin/myCode/webIcs/build/web
2024-09-02 15:33:12 INFO  Base3:98 - *******************************
2024-09-02 15:33:12 INFO  Base3:99 - Web Base Program Start
2024-09-02 15:33:12 INFO  Base3:100 - GB.exePath: E:/kevin/myCode/pbxSet
2024-09-02 15:33:12 INFO  Base3:101 - GB.webRootPath: E:/kevin/myCode/webIcs/build/web
2024-09-02 15:35:13 INFO  Base3:98 - *******************************
2024-09-02 15:35:13 INFO  Base3:99 - Web Base Program Start
2024-09-02 15:35:13 INFO  Base3:100 - GB.exePath: E:/kevin/myCode/pbxSet
2024-09-02 15:35:13 INFO  Base3:101 - GB.webRootPath: E:/kevin/myCode/webIcs/build/web
2024-09-02 15:40:55 INFO  Base3:98 - *******************************
2024-09-02 15:40:55 INFO  Base3:99 - Web Base Program Start
2024-09-02 15:40:55 INFO  Base3:100 - GB.exePath: E:/kevin/myCode/pbxSet
2024-09-02 15:40:55 INFO  Base3:101 - GB.webRootPath: E:/kevin/myCode/webIcs/build/web
2024-09-02 15:43:45 INFO  Base3:98 - *******************************
2024-09-02 15:43:45 INFO  Base3:99 - Web Base Program Start
2024-09-02 15:43:45 INFO  Base3:100 - GB.exePath: E:/kevin/myCode/pbxSet
2024-09-02 15:43:45 INFO  Base3:101 - GB.webRootPath: E:/kevin/myCode/webIcs/build/web
2024-09-02 16:06:00 INFO  Base3:98 - *******************************
2024-09-02 16:06:00 INFO  Base3:99 - Web Base Program Start
2024-09-02 16:06:00 INFO  Base3:100 - GB.exePath: E:/kevin/myCode/pbxSet
2024-09-02 16:06:00 INFO  Base3:101 - GB.webRootPath: E:/kevin/myCode/webIcs/build/web
2024-09-02 16:06:26 INFO  Base3:98 - *******************************
2024-09-02 16:06:26 INFO  Base3:99 - Web Base Program Start
2024-09-02 16:06:26 INFO  Base3:100 - GB.exePath: E:/kevin/myCode/pbxSet
2024-09-02 16:06:26 INFO  Base3:101 - GB.webRootPath: E:/kevin/myCode/webIcs/build/web
2024-09-02 16:11:45 INFO  Base3:98 - *******************************
2024-09-02 16:11:45 INFO  Base3:99 - Web Base Program Start
2024-09-02 16:11:45 INFO  Base3:100 - GB.exePath: E:/kevin/myCode/pbxSet
2024-09-02 16:11:45 INFO  Base3:101 - GB.webRootPath: E:/kevin/myCode/webIcs/build/web
2024-09-02 17:44:11 INFO  Base3:98 - *******************************
2024-09-02 17:44:11 INFO  Base3:99 - Web Base Program Start
2024-09-02 17:44:11 INFO  Base3:100 - GB.exePath: E:/kevin/myCode/pbxSet
2024-09-02 17:44:11 INFO  Base3:101 - GB.webRootPath: E:/kevin/myCode/webIcs/build/web
2024-09-02 18:48:27 INFO  Base3:98 - *******************************
2024-09-02 18:48:27 INFO  Base3:99 - Web Base Program Start
2024-09-02 18:48:27 INFO  Base3:100 - GB.exePath: E:/kevin/myCode/pbxSet
2024-09-02 18:48:27 INFO  Base3:101 - GB.webRootPath: E:/kevin/myCode/webIcs/build/web
2024-09-02 18:57:45 INFO  Base3:98 - *******************************
2024-09-02 18:57:45 INFO  Base3:99 - Web Base Program Start
2024-09-02 18:57:45 INFO  Base3:100 - GB.exePath: E:/kevin/myCode/pbxSet
2024-09-02 18:57:45 INFO  Base3:101 - GB.webRootPath: E:/kevin/myCode/webIcs/build/web
2024-09-02 18:58:38 INFO  Base3:98 - *******************************
2024-09-02 18:58:38 INFO  Base3:99 - Web Base Program Start
2024-09-02 18:58:38 INFO  Base3:100 - GB.exePath: E:/kevin/myCode/pbxSet
2024-09-02 18:58:38 INFO  Base3:101 - GB.webRootPath: E:/kevin/myCode/webIcs/build/web
2024-09-02 19:06:15 INFO  Base3:98 - *******************************
2024-09-02 19:06:15 INFO  Base3:99 - Web Base Program Start
2024-09-02 19:06:15 INFO  Base3:100 - GB.exePath: E:/kevin/myCode/pbxSet
2024-09-02 19:06:15 INFO  Base3:101 - GB.webRootPath: E:/kevin/myCode/webIcs/build/web
2024-09-03 10:18:42 INFO  Base3:98 - *******************************
2024-09-03 10:18:42 INFO  Base3:99 - Web Base Program Start
2024-09-03 10:18:42 INFO  Base3:100 - GB.exePath: E:/kevin/myCode/pbxSet
2024-09-03 10:18:42 INFO  Base3:101 - GB.webRootPath: E:/kevin/myCode/webIcs/build/web
2024-09-03 10:46:00 INFO  Base3:98 - *******************************
2024-09-03 10:46:00 INFO  Base3:99 - Web Base Program Start
2024-09-03 10:46:00 INFO  Base3:100 - GB.exePath: E:/kevin/myCode/pbxSet
2024-09-03 10:46:00 INFO  Base3:101 - GB.webRootPath: E:/kevin/myCode/webIcs/build/web
2024-09-03 10:57:59 INFO  Base3:98 - *******************************
2024-09-03 10:57:59 INFO  Base3:99 - Web Base Program Start
2024-09-03 10:57:59 INFO  Base3:100 - GB.exePath: E:/kevin/myCode/pbxSet
2024-09-03 10:57:59 INFO  Base3:101 - GB.webRootPath: E:/kevin/myCode/webIcs/build/web
2024-09-03 11:10:14 INFO  Base3:98 - *******************************
2024-09-03 11:10:14 INFO  Base3:99 - Web Base Program Start
2024-09-03 11:10:14 INFO  Base3:100 - GB.exePath: E:/kevin/myCode/pbxSet
2024-09-03 11:10:14 INFO  Base3:101 - GB.webRootPath: E:/kevin/myCode/webIcs/build/web
2024-09-03 11:42:28 INFO  Base3:98 - *******************************
2024-09-03 11:42:28 INFO  Base3:99 - Web Base Program Start
2024-09-03 11:42:28 INFO  Base3:100 - GB.exePath: E:/kevin/myCode/pbxSet
2024-09-03 11:42:28 INFO  Base3:101 - GB.webRootPath: E:/kevin/myCode/webIcs/build/web
2024-09-03 11:58:06 INFO  Base3:98 - *******************************
2024-09-03 11:58:06 INFO  Base3:99 - Web Base Program Start
2024-09-03 11:58:06 INFO  Base3:100 - GB.exePath: E:/kevin/myCode/pbxSet
2024-09-03 11:58:06 INFO  Base3:101 - GB.webRootPath: E:/kevin/myCode/webIcs/build/web
2024-09-03 11:59:00 INFO  Base3:98 - *******************************
2024-09-03 11:59:00 INFO  Base3:99 - Web Base Program Start
2024-09-03 11:59:00 INFO  Base3:100 - GB.exePath: E:/kevin/myCode/pbxSet
2024-09-03 11:59:00 INFO  Base3:101 - GB.webRootPath: E:/kevin/myCode/webIcs/build/web
2024-09-03 11:59:13 INFO  Base3:98 - *******************************
2024-09-03 11:59:13 INFO  Base3:99 - Web Base Program Start
2024-09-03 11:59:13 INFO  Base3:100 - GB.exePath: E:/kevin/myCode/pbxSet
2024-09-03 11:59:13 INFO  Base3:101 - GB.webRootPath: E:/kevin/myCode/webIcs/build/web
2024-09-03 11:59:35 INFO  Base3:796 - Extension 1011 dial to 1012.
2024-09-03 11:59:40 INFO  Base3:796 - Extension 1011 connect to 1012.
2024-09-03 11:59:42 INFO  Base3:796 - Extension 1011 disconnect.
2024-09-03 13:37:51 INFO  Base3:98 - *******************************
2024-09-03 13:37:51 INFO  Base3:99 - Web Base Program Start
2024-09-03 13:37:51 INFO  Base3:100 - GB.exePath: E:/kevin/myCode/pbxSet
2024-09-03 13:37:51 INFO  Base3:101 - GB.webRootPath: E:/kevin/myCode/webIcs/build/web
2024-09-03 14:09:45 INFO  Base3:98 - *******************************
2024-09-03 14:09:45 INFO  Base3:99 - Web Base Program Start
2024-09-03 14:09:45 INFO  Base3:100 - GB.exePath: E:/kevin/myCode/pbxSet
2024-09-03 14:09:45 INFO  Base3:101 - GB.webRootPath: 
2024-09-03 14:11:18 INFO  Base3:98 - *******************************
2024-09-03 14:11:18 INFO  Base3:99 - Web Base Program Start
2024-09-03 14:11:18 INFO  Base3:100 - GB.exePath: E:/kevin/myCode/pbxSet
2024-09-03 14:11:18 INFO  Base3:101 - GB.webRootPath: 
2024-09-03 14:17:00 INFO  Base3:98 - *******************************
2024-09-03 14:17:00 INFO  Base3:99 - Web Base Program Start
2024-09-03 14:17:00 INFO  Base3:100 - GB.exePath: E:/kevin/myCode/pbxSet
2024-09-03 14:17:00 INFO  Base3:101 - GB.webRootPath: 
2024-09-03 14:18:24 INFO  Base3:98 - *******************************
2024-09-03 14:18:24 INFO  Base3:99 - Web Base Program Start
2024-09-03 14:18:24 INFO  Base3:100 - GB.exePath: E:/kevin/myCode/pbxSet
2024-09-03 14:18:24 INFO  Base3:101 - GB.webRootPath: 
2024-09-03 14:23:21 INFO  Base3:98 - *******************************
2024-09-03 14:23:21 INFO  Base3:99 - Web Base Program Start
2024-09-03 14:23:21 INFO  Base3:100 - GB.exePath: E:/kevin/myCode/pbxSet
2024-09-03 14:23:21 INFO  Base3:101 - GB.webRootPath: 
2024-09-03 14:34:48 INFO  Base3:98 - *******************************
2024-09-03 14:34:48 INFO  Base3:99 - Web Base Program Start
2024-09-03 14:34:48 INFO  Base3:100 - GB.exePath: E:/kevin/myCode/pbxSet
2024-09-03 14:34:48 INFO  Base3:101 - GB.webRootPath: 
2024-09-03 15:02:59 INFO  Base3:98 - *******************************
2024-09-03 15:02:59 INFO  Base3:99 - Web Base Program Start
2024-09-03 15:02:59 INFO  Base3:100 - GB.exePath: E:/kevin/myCode/pbxSet
2024-09-03 15:02:59 INFO  Base3:101 - GB.webRootPath: 
2024-09-03 15:11:09 INFO  Base3:98 - *******************************
2024-09-03 15:11:09 INFO  Base3:99 - Web Base Program Start
2024-09-03 15:11:09 INFO  Base3:100 - GB.exePath: E:/kevin/myCode/pbxSet
2024-09-03 15:11:09 INFO  Base3:101 - GB.webRootPath: 
2024-09-03 15:42:57 INFO  Base3:98 - *******************************
2024-09-03 15:42:57 INFO  Base3:99 - Web Base Program Start
2024-09-03 15:42:57 INFO  Base3:100 - GB.exePath: E:/kevin/myCode/pbxSet
2024-09-03 15:42:57 INFO  Base3:101 - GB.webRootPath: 
2024-09-03 15:51:34 INFO  Base3:98 - *******************************
2024-09-03 15:51:34 INFO  Base3:99 - Web Base Program Start
2024-09-03 15:51:34 INFO  Base3:100 - GB.exePath: E:/kevin/myCode/pbxSet
2024-09-03 15:51:34 INFO  Base3:101 - GB.webRootPath: 
2024-09-03 15:51:47 INFO  Base3:98 - *******************************
2024-09-03 15:51:47 INFO  Base3:99 - Web Base Program Start
2024-09-03 15:51:47 INFO  Base3:100 - GB.exePath: E:/kevin/myCode/pbxSet
2024-09-03 15:51:47 INFO  Base3:101 - GB.webRootPath: 
2024-09-03 16:03:57 INFO  Base3:98 - *******************************
2024-09-03 16:03:57 INFO  Base3:99 - Web Base Program Start
2024-09-03 16:03:57 INFO  Base3:100 - GB.exePath: E:/kevin/myCode/pbxSet
2024-09-03 16:03:57 INFO  Base3:101 - GB.webRootPath: 
2024-09-03 16:15:49 INFO  Base3:98 - *******************************
2024-09-03 16:15:49 INFO  Base3:99 - Web Base Program Start
2024-09-03 16:15:49 INFO  Base3:100 - GB.exePath: E:/kevin/myCode/pbxSet
2024-09-03 16:15:49 INFO  Base3:101 - GB.webRootPath: 
2024-09-03 16:16:32 INFO  Base3:98 - *******************************
2024-09-03 16:16:32 INFO  Base3:99 - Web Base Program Start
2024-09-03 16:16:32 INFO  Base3:100 - GB.exePath: E:/kevin/myCode/pbxSet
2024-09-03 16:16:32 INFO  Base3:101 - GB.webRootPath: 
2024-09-03 16:17:13 INFO  Base3:98 - *******************************
2024-09-03 16:17:13 INFO  Base3:99 - Web Base Program Start
2024-09-03 16:17:13 INFO  Base3:100 - GB.exePath: E:/kevin/myCode/pbxSet
2024-09-03 16:17:13 INFO  Base3:101 - GB.webRootPath: 
2024-09-03 16:18:36 INFO  Base3:98 - *******************************
2024-09-03 16:18:36 INFO  Base3:99 - Web Base Program Start
2024-09-03 16:18:36 INFO  Base3:100 - GB.exePath: E:/kevin/myCode/pbxSet
2024-09-03 16:18:36 INFO  Base3:101 - GB.webRootPath: 
2024-09-03 16:19:17 INFO  Base3:98 - *******************************
2024-09-03 16:19:17 INFO  Base3:99 - Web Base Program Start
2024-09-03 16:19:17 INFO  Base3:100 - GB.exePath: E:/kevin/myCode/pbxSet
2024-09-03 16:19:17 INFO  Base3:101 - GB.webRootPath: 
2024-09-03 16:20:41 INFO  Base3:98 - *******************************
2024-09-03 16:20:41 INFO  Base3:99 - Web Base Program Start
2024-09-03 16:20:41 INFO  Base3:100 - GB.exePath: E:/kevin/myCode/pbxSet
2024-09-03 16:20:41 INFO  Base3:101 - GB.webRootPath: 
2024-09-03 16:22:47 INFO  Base3:98 - *******************************
2024-09-03 16:22:47 INFO  Base3:99 - Web Base Program Start
2024-09-03 16:22:47 INFO  Base3:100 - GB.exePath: E:/kevin/myCode/pbxSet
2024-09-03 16:22:47 INFO  Base3:101 - GB.webRootPath: 
2024-09-03 16:23:41 INFO  Base3:98 - *******************************
2024-09-03 16:23:41 INFO  Base3:99 - Web Base Program Start
2024-09-03 16:23:41 INFO  Base3:100 - GB.exePath: E:/kevin/myCode/pbxSet
2024-09-03 16:23:41 INFO  Base3:101 - GB.webRootPath: 
2024-09-03 16:27:35 INFO  Base3:98 - *******************************
2024-09-03 16:27:35 INFO  Base3:99 - Web Base Program Start
2024-09-03 16:27:35 INFO  Base3:100 - GB.exePath: E:/kevin/myCode/pbxSet
2024-09-03 16:27:35 INFO  Base3:101 - GB.webRootPath: 
2024-09-03 17:09:30 INFO  Base3:98 - *******************************
2024-09-03 17:09:30 INFO  Base3:99 - Web Base Program Start
2024-09-03 17:09:30 INFO  Base3:100 - GB.exePath: E:/kevin/myCode/pbxSet
2024-09-03 17:09:30 INFO  Base3:101 - GB.webRootPath: 
2024-09-05 17:06:36 INFO  Base3:98 - *******************************
2024-09-05 17:06:36 INFO  Base3:99 - Web Base Program Start
2024-09-05 17:06:36 INFO  Base3:100 - GB.exePath: E:/kevin/myCode/pbxSet
2024-09-05 17:06:36 INFO  Base3:101 - GB.webRootPath: 
2024-09-05 17:09:19 INFO  Base3:98 - *******************************
2024-09-05 17:09:19 INFO  Base3:99 - Web Base Program Start
2024-09-05 17:09:19 INFO  Base3:100 - GB.exePath: E:/kevin/myCode/pbxSet
2024-09-05 17:09:19 INFO  Base3:101 - GB.webRootPath: 
2024-09-05 17:11:40 INFO  Base3:98 - *******************************
2024-09-05 17:11:40 INFO  Base3:99 - Web Base Program Start
2024-09-05 17:11:40 INFO  Base3:100 - GB.exePath: E:/kevin/myCode/pbxSet
2024-09-05 17:11:40 INFO  Base3:101 - GB.webRootPath: 
2024-09-05 17:24:41 INFO  Base3:98 - *******************************
2024-09-05 17:24:41 INFO  Base3:99 - Web Base Program Start
2024-09-05 17:24:41 INFO  Base3:100 - GB.exePath: E:/kevin/myCode/pbxSet
2024-09-05 17:24:41 INFO  Base3:101 - GB.webRootPath: 
2024-09-05 17:29:45 INFO  Base3:98 - *******************************
2024-09-05 17:29:45 INFO  Base3:99 - Web Base Program Start
2024-09-05 17:29:45 INFO  Base3:100 - GB.exePath: E:/kevin/myCode/pbxSet
2024-09-05 17:29:45 INFO  Base3:101 - GB.webRootPath: 
2024-09-05 17:35:15 INFO  Base3:98 - *******************************
2024-09-05 17:35:15 INFO  Base3:99 - Web Base Program Start
2024-09-05 17:35:15 INFO  Base3:100 - GB.exePath: E:/kevin/myCode/pbxSet
2024-09-05 17:35:15 INFO  Base3:101 - GB.webRootPath: 
2024-09-05 17:37:46 INFO  Base3:98 - *******************************
2024-09-05 17:37:46 INFO  Base3:99 - Web Base Program Start
2024-09-05 17:37:46 INFO  Base3:100 - GB.exePath: E:/kevin/myCode/pbxSet
2024-09-05 17:37:46 INFO  Base3:101 - GB.webRootPath: 
2024-09-05 17:38:00 INFO  Base3:98 - *******************************
2024-09-05 17:38:00 INFO  Base3:99 - Web Base Program Start
2024-09-05 17:38:00 INFO  Base3:100 - GB.exePath: E:/kevin/myCode/pbxSet
2024-09-05 17:38:00 INFO  Base3:101 - GB.webRootPath: 
2024-09-05 17:38:51 INFO  Base3:98 - *******************************
2024-09-05 17:38:51 INFO  Base3:99 - Web Base Program Start
2024-09-05 17:38:51 INFO  Base3:100 - GB.exePath: E:/kevin/myCode/pbxSet
2024-09-05 17:38:51 INFO  Base3:101 - GB.webRootPath: 
2024-09-05 17:40:03 INFO  Base3:798 - Extension 1011 dial to 1012.
2024-09-05 17:40:14 INFO  Base3:798 - Extension 1011 connect to 1012.
2024-09-05 17:40:15 INFO  Base3:798 - Extension 1011 disconnect.
2024-09-05 17:40:54 INFO  Base3:798 - Extension 1011 dial to 1012.
2024-09-05 17:41:59 INFO  Base3:798 - Extension 1011 dial to 1012.
2024-09-05 17:42:25 INFO  Base3:798 - Extension 1011 dial to 1013.
2024-09-05 17:42:49 INFO  Base3:798 - Extension 1012 dial to 1011.
2024-09-05 17:43:09 INFO  Base3:798 - Extension 1012 connect to 1011.
2024-09-05 17:43:10 INFO  Base3:798 - Extension 1011 disconnect.
2024-09-05 17:43:16 INFO  Base3:798 - Extension 1011 dial to 1012.
2024-09-05 17:48:41 INFO  Base3:98 - *******************************
2024-09-05 17:48:41 INFO  Base3:99 - Web Base Program Start
2024-09-05 17:48:41 INFO  Base3:100 - GB.exePath: E:/kevin/myCode/pbxSet
2024-09-05 17:48:41 INFO  Base3:101 - GB.webRootPath: 
2024-09-05 17:49:47 INFO  Base3:98 - *******************************
2024-09-05 17:49:47 INFO  Base3:99 - Web Base Program Start
2024-09-05 17:49:47 INFO  Base3:100 - GB.exePath: E:/kevin/myCode/pbxSet
2024-09-05 17:49:47 INFO  Base3:101 - GB.webRootPath: 
2024-09-05 18:08:00 INFO  Base3:98 - *******************************
2024-09-05 18:08:00 INFO  Base3:99 - Web Base Program Start
2024-09-05 18:08:00 INFO  Base3:100 - GB.exePath: E:/kevin/myCode/pbxSet
2024-09-05 18:08:00 INFO  Base3:101 - GB.webRootPath: 
2024-09-05 18:09:59 INFO  Base3:98 - *******************************
2024-09-05 18:09:59 INFO  Base3:99 - Web Base Program Start
2024-09-05 18:09:59 INFO  Base3:100 - GB.exePath: E:/kevin/myCode/pbxSet
2024-09-05 18:09:59 INFO  Base3:101 - GB.webRootPath: 
2024-09-05 18:11:46 INFO  Base3:98 - *******************************
2024-09-05 18:11:46 INFO  Base3:99 - Web Base Program Start
2024-09-05 18:11:46 INFO  Base3:100 - GB.exePath: E:/kevin/myCode/pbxSet
2024-09-05 18:11:46 INFO  Base3:101 - GB.webRootPath: 
2024-09-05 18:13:59 INFO  Base3:807 - Extension 1011 dial to 1012.
2024-09-05 18:14:08 INFO  Base3:807 - Extension 1011 connect to 1012.
2024-09-05 18:14:32 INFO  Base3:807 - Extension 1011 disconnect.
2024-09-05 18:14:36 INFO  Base3:807 - Extension 1011 dial to 1012.
2024-09-05 18:14:46 INFO  Base3:807 - Extension 1011 dial to 1012.
2024-09-05 18:14:58 INFO  Base3:807 - Extension 1011 dial to 1012.
2024-09-05 18:15:14 INFO  Base3:807 - Extension 1011 dial to 1012.
2024-09-05 18:15:21 INFO  Base3:807 - Extension 1011 dial to 1012.
2024-09-05 18:15:40 INFO  Base3:807 - Extension 1011 dial to 1012.
2024-09-05 18:26:50 INFO  Base3:98 - *******************************
2024-09-05 18:26:50 INFO  Base3:99 - Web Base Program Start
2024-09-05 18:26:50 INFO  Base3:100 - GB.exePath: E:/kevin/myCode/pbxSet
2024-09-05 18:26:50 INFO  Base3:101 - GB.webRootPath: 
2024-09-05 18:27:20 INFO  Base3:98 - *******************************
2024-09-05 18:27:20 INFO  Base3:99 - Web Base Program Start
2024-09-05 18:27:20 INFO  Base3:100 - GB.exePath: E:/kevin/myCode/pbxSet
2024-09-05 18:27:20 INFO  Base3:101 - GB.webRootPath: 
2024-09-05 18:29:00 INFO  Base3:807 - Extension 1011 dial to 1012.
2024-09-05 18:29:08 INFO  Base3:807 - Extension 1011 dial to 1012.
2024-09-05 18:30:36 INFO  Base3:807 - Extension 1011 dial to 1012.
2024-09-05 18:30:45 INFO  Base3:807 - Extension 1011 dial to 1012.
2024-09-06 11:00:48 INFO  Base3:98 - *******************************
2024-09-06 11:00:48 INFO  Base3:99 - Web Base Program Start
2024-09-06 11:00:48 INFO  Base3:100 - GB.exePath: E:/kevin/myCode/pbxSet
2024-09-06 11:00:48 INFO  Base3:101 - GB.webRootPath: 
2024-09-06 11:01:14 INFO  Base3:98 - *******************************
2024-09-06 11:01:14 INFO  Base3:99 - Web Base Program Start
2024-09-06 11:01:14 INFO  Base3:100 - GB.exePath: E:/kevin/myCode/pbxSet
2024-09-06 11:01:14 INFO  Base3:101 - GB.webRootPath: 
2024-09-06 11:04:47 INFO  Base3:98 - *******************************
2024-09-06 11:04:47 INFO  Base3:99 - Web Base Program Start
2024-09-06 11:04:47 INFO  Base3:100 - GB.exePath: E:/kevin/myCode/pbxSet
2024-09-06 11:04:47 INFO  Base3:101 - GB.webRootPath: 
2024-09-06 11:16:25 INFO  Base3:98 - *******************************
2024-09-06 11:16:25 INFO  Base3:99 - Web Base Program Start
2024-09-06 11:16:25 INFO  Base3:100 - GB.exePath: E:/kevin/myCode/pbxSet
2024-09-06 11:16:25 INFO  Base3:101 - GB.webRootPath: 
2024-09-06 11:20:33 INFO  Base3:98 - *******************************
2024-09-06 11:20:33 INFO  Base3:99 - Web Base Program Start
2024-09-06 11:20:33 INFO  Base3:100 - GB.exePath: E:/kevin/myCode/pbxSet
2024-09-06 11:20:33 INFO  Base3:101 - GB.webRootPath: 
2024-09-06 12:02:32 INFO  Base3:98 - *******************************
2024-09-06 12:02:32 INFO  Base3:99 - Web Base Program Start
2024-09-06 12:02:32 INFO  Base3:100 - GB.exePath: E:/kevin/myCode/pbxSet
2024-09-06 12:02:32 INFO  Base3:101 - GB.webRootPath: 
2024-09-06 13:28:25 INFO  Base3:98 - *******************************
2024-09-06 13:28:25 INFO  Base3:99 - Web Base Program Start
2024-09-06 13:28:25 INFO  Base3:100 - GB.exePath: E:/kevin/myCode/pbxSet
2024-09-06 13:28:25 INFO  Base3:101 - GB.webRootPath: 
2024-09-06 13:33:00 INFO  Base3:98 - *******************************
2024-09-06 13:33:00 INFO  Base3:99 - Web Base Program Start
2024-09-06 13:33:00 INFO  Base3:100 - GB.exePath: E:/kevin/myCode/pbxSet
2024-09-06 13:33:00 INFO  Base3:101 - GB.webRootPath: 
2024-09-06 13:43:30 INFO  Base3:98 - *******************************
2024-09-06 13:43:30 INFO  Base3:99 - Web Base Program Start
2024-09-06 13:43:30 INFO  Base3:100 - GB.exePath: E:/kevin/myCode/pbxSet
2024-09-06 13:43:30 INFO  Base3:101 - GB.webRootPath: 
2024-09-06 13:43:50 INFO  Base3:98 - *******************************
2024-09-06 13:43:50 INFO  Base3:99 - Web Base Program Start
2024-09-06 13:43:50 INFO  Base3:100 - GB.exePath: E:/kevin/myCode/pbxSet
2024-09-06 13:43:50 INFO  Base3:101 - GB.webRootPath: 
2024-09-06 13:44:10 INFO  Base3:98 - *******************************
2024-09-06 13:44:10 INFO  Base3:99 - Web Base Program Start
2024-09-06 13:44:10 INFO  Base3:100 - GB.exePath: E:/kevin/myCode/pbxSet
2024-09-06 13:44:10 INFO  Base3:101 - GB.webRootPath: 
2024-09-06 13:51:20 INFO  Base3:98 - *******************************
2024-09-06 13:51:20 INFO  Base3:99 - Web Base Program Start
2024-09-06 13:51:20 INFO  Base3:100 - GB.exePath: E:/kevin/myCode/pbxSet
2024-09-06 13:51:20 INFO  Base3:101 - GB.webRootPath: 
2024-09-06 14:00:28 INFO  Base3:98 - *******************************
2024-09-06 14:00:28 INFO  Base3:99 - Web Base Program Start
2024-09-06 14:00:28 INFO  Base3:100 - GB.exePath: E:/kevin/myCode/pbxSet
2024-09-06 14:00:28 INFO  Base3:101 - GB.webRootPath: 
2024-09-06 14:16:19 INFO  Base3:98 - *******************************
2024-09-06 14:16:19 INFO  Base3:99 - Web Base Program Start
2024-09-06 14:16:19 INFO  Base3:100 - GB.exePath: E:/kevin/myCode/pbxSet
2024-09-06 14:16:19 INFO  Base3:101 - GB.webRootPath: 
2024-09-06 16:20:24 INFO  Base3:98 - *******************************
2024-09-06 16:20:24 INFO  Base3:99 - Web Base Program Start
2024-09-06 16:20:24 INFO  Base3:100 - GB.exePath: E:/kevin/myCode/pbxSet
2024-09-06 16:20:24 INFO  Base3:101 - GB.webRootPath: 
2024-09-06 16:23:12 INFO  Base3:814 - Extension 1011 dial to 1012.
2024-09-06 16:23:29 INFO  Base3:814 - Extension 1011 dial to 1012.
2024-09-06 16:23:42 INFO  Base3:814 - Extension 1011 dial to 1012.
2024-09-06 16:23:52 INFO  Base3:814 - Extension 1011 dial to 1012.
2024-09-06 16:25:37 INFO  Base3:814 - Extension 1011 dial to 1012.
2024-09-06 16:45:40 INFO  Base3:98 - *******************************
2024-09-06 16:45:40 INFO  Base3:99 - Web Base Program Start
2024-09-06 16:45:40 INFO  Base3:100 - GB.exePath: E:/kevin/myCode/pbxSet
2024-09-06 16:45:40 INFO  Base3:101 - GB.webRootPath: 
2024-09-06 16:47:06 INFO  Base3:98 - *******************************
2024-09-06 16:47:06 INFO  Base3:99 - Web Base Program Start
2024-09-06 16:47:06 INFO  Base3:100 - GB.exePath: E:/kevin/myCode/pbxSet
2024-09-06 16:47:06 INFO  Base3:101 - GB.webRootPath: 
2024-09-06 16:48:24 INFO  Base3:814 - Extension 1011 dial to 1012.
2024-09-06 16:48:30 INFO  Base3:814 - Extension 1011 dial to 1012.
2024-09-06 16:48:37 INFO  Base3:814 - Extension 1011 dial to 1012.
2024-09-06 16:48:43 INFO  Base3:814 - Extension 1011 dial to 1012.
2024-09-06 16:48:51 INFO  Base3:814 - Extension 1011 dial to 1012.
2024-09-06 16:52:16 INFO  Base3:814 - Extension 1011 dial to 1012.
2024-09-06 16:52:23 INFO  Base3:814 - Extension 1011 dial to 1012.
2024-09-06 17:15:05 INFO  Base3:98 - *******************************
2024-09-06 17:15:05 INFO  Base3:99 - Web Base Program Start
2024-09-06 17:15:05 INFO  Base3:100 - GB.exePath: E:/kevin/myCode/pbxSet
2024-09-06 17:15:05 INFO  Base3:101 - GB.webRootPath: 
2024-09-06 17:20:42 INFO  Base3:814 - Extension 1011 dial to 1012.
2024-09-09 13:13:51 INFO  Base3:98 - *******************************
2024-09-09 13:13:51 INFO  Base3:99 - Web Base Program Start
2024-09-09 13:13:51 INFO  Base3:100 - GB.exePath: E:/kevin/myCode/pbxSet
2024-09-09 13:13:51 INFO  Base3:101 - GB.webRootPath: 
2024-09-09 13:19:41 INFO  Base3:98 - *******************************
2024-09-09 13:19:41 INFO  Base3:99 - Web Base Program Start
2024-09-09 13:19:41 INFO  Base3:100 - GB.exePath: E:/kevin/myCode/pbxSet
2024-09-09 13:19:41 INFO  Base3:101 - GB.webRootPath: 
2024-09-09 13:24:18 INFO  Base3:98 - *******************************
2024-09-09 13:24:18 INFO  Base3:99 - Web Base Program Start
2024-09-09 13:24:18 INFO  Base3:100 - GB.exePath: E:/kevin/myCode/pbxSet
2024-09-09 13:24:18 INFO  Base3:101 - GB.webRootPath: 
2024-09-09 13:26:38 INFO  Base3:98 - *******************************
2024-09-09 13:26:38 INFO  Base3:99 - Web Base Program Start
2024-09-09 13:26:38 INFO  Base3:100 - GB.exePath: E:/kevin/myCode/pbxSet
2024-09-09 13:26:38 INFO  Base3:101 - GB.webRootPath: 
2024-09-09 13:31:38 INFO  Base3:98 - *******************************
2024-09-09 13:31:38 INFO  Base3:99 - Web Base Program Start
2024-09-09 13:31:38 INFO  Base3:100 - GB.exePath: E:/kevin/myCode/pbxSet
2024-09-09 13:31:38 INFO  Base3:101 - GB.webRootPath: 
2024-09-09 14:03:23 INFO  Base3:98 - *******************************
2024-09-09 14:03:23 INFO  Base3:99 - Web Base Program Start
2024-09-09 14:03:23 INFO  Base3:100 - GB.exePath: E:/kevin/myCode/pbxSet
2024-09-09 14:03:23 INFO  Base3:101 - GB.webRootPath: 
2024-09-09 14:27:53 INFO  Base3:98 - *******************************
2024-09-09 14:27:53 INFO  Base3:99 - Web Base Program Start
2024-09-09 14:27:53 INFO  Base3:100 - GB.exePath: E:/kevin/myCode/pbxSet
2024-09-09 14:27:53 INFO  Base3:101 - GB.webRootPath: 
2024-09-09 15:25:56 INFO  Base3:98 - *******************************
2024-09-09 15:25:56 INFO  Base3:99 - Web Base Program Start
2024-09-09 15:25:56 INFO  Base3:100 - GB.exePath: E:/kevin/myCode/pbxSet
2024-09-09 15:25:56 INFO  Base3:101 - GB.webRootPath: 
2024-09-09 15:29:01 INFO  Base3:98 - *******************************
2024-09-09 15:29:01 INFO  Base3:99 - Web Base Program Start
2024-09-09 15:29:01 INFO  Base3:100 - GB.exePath: E:/kevin/myCode/pbxSet
2024-09-09 15:29:01 INFO  Base3:101 - GB.webRootPath: 
2024-09-09 15:31:47 INFO  Base3:98 - *******************************
2024-09-09 15:31:47 INFO  Base3:99 - Web Base Program Start
2024-09-09 15:31:47 INFO  Base3:100 - GB.exePath: E:/kevin/myCode/pbxSet
2024-09-09 15:31:47 INFO  Base3:101 - GB.webRootPath: 
2024-09-09 15:35:38 INFO  Base3:98 - *******************************
2024-09-09 15:35:38 INFO  Base3:99 - Web Base Program Start
2024-09-09 15:35:38 INFO  Base3:100 - GB.exePath: E:/kevin/myCode/pbxSet
2024-09-09 15:35:38 INFO  Base3:101 - GB.webRootPath: 
2024-09-09 15:41:28 INFO  Base3:98 - *******************************
2024-09-09 15:41:28 INFO  Base3:99 - Web Base Program Start
2024-09-09 15:41:28 INFO  Base3:100 - GB.exePath: E:/kevin/myCode/pbxSet
2024-09-09 15:41:28 INFO  Base3:101 - GB.webRootPath: 
2024-09-09 15:42:53 INFO  Base3:816 - Extension 1011 dial to 1012.
2024-09-09 15:43:14 INFO  Base3:816 - Extension 1011 dial to 1012.
2024-09-09 15:47:49 INFO  Base3:816 - Extension 1011 dial to 1012.
2024-09-09 16:01:18 INFO  Base3:98 - *******************************
2024-09-09 16:01:18 INFO  Base3:99 - Web Base Program Start
2024-09-09 16:01:18 INFO  Base3:100 - GB.exePath: E:/kevin/myCode/pbxSet
2024-09-09 16:01:18 INFO  Base3:101 - GB.webRootPath: 
2024-09-09 16:02:25 INFO  Base3:816 - Extension 1011 dial to 1012.
2024-09-09 16:02:38 INFO  Base3:816 - Extension 1011 dial to 1012.
2024-09-09 16:07:05 INFO  Base3:816 - Extension 1011 dial to 1012.
2024-09-09 16:08:32 INFO  Base3:816 - Extension 1011 dial to 1012.
2024-09-09 16:35:23 INFO  Base3:98 - *******************************
2024-09-09 16:35:23 INFO  Base3:99 - Web Base Program Start
2024-09-09 16:35:23 INFO  Base3:100 - GB.exePath: E:/kevin/myCode/pbxSet
2024-09-09 16:35:23 INFO  Base3:101 - GB.webRootPath: 
2024-09-09 16:53:42 INFO  Base3:589 - callNumber: softPhone1 ==> 0
2024-09-09 17:01:13 INFO  Base3:589 - callNumber: softPhone1 ==> 104
2024-09-09 17:01:21 INFO  Base3:589 - callNumber: softPhone1 ==> 104
2024-09-09 17:01:23 INFO  Base3:589 - callNumber: softPhone1 ==> 102
2024-09-09 17:01:24 INFO  Base3:816 - Extension 104 dial to 102.
2024-09-09 17:01:49 INFO  Base3:589 - callNumber: softPhone1 ==> 104
2024-09-09 17:01:53 INFO  Base3:589 - callNumber: softPhone1 ==> 102
2024-09-09 17:01:54 INFO  Base3:816 - Extension 104 dial to 102.
2024-09-09 17:03:03 INFO  Base3:589 - callNumber: softPhone2 ==> 102
2024-09-09 17:03:07 INFO  Base3:589 - callNumber: softPhone2 ==> 104
2024-09-09 17:03:08 INFO  Base3:816 - Extension 102 dial to 104.
2024-09-09 17:03:17 INFO  Base3:589 - callNumber: softPhone2 ==> 102
2024-09-09 17:03:20 INFO  Base3:589 - callNumber: softPhone2 ==> 104
2024-09-09 17:03:21 INFO  Base3:816 - Extension 102 dial to 104.
2024-09-09 17:03:36 INFO  Base3:816 - Extension 1011 dial to 1012.
2024-09-09 17:20:43 INFO  Base3:98 - *******************************
2024-09-09 17:20:43 INFO  Base3:99 - Web Base Program Start
2024-09-09 17:20:43 INFO  Base3:100 - GB.exePath: E:/kevin/myCode/pbxSet
2024-09-09 17:20:43 INFO  Base3:101 - GB.webRootPath: 
2024-09-09 18:10:29 INFO  Base3:98 - *******************************
2024-09-09 18:10:29 INFO  Base3:99 - Web Base Program Start
2024-09-09 18:10:29 INFO  Base3:100 - GB.exePath: E:/kevin/myCode/pbxSet
2024-09-09 18:10:29 INFO  Base3:101 - GB.webRootPath: 
2024-09-09 18:13:42 INFO  Base3:98 - *******************************
2024-09-09 18:13:42 INFO  Base3:99 - Web Base Program Start
2024-09-09 18:13:42 INFO  Base3:100 - GB.exePath: E:/kevin/myCode/pbxSet
2024-09-09 18:13:42 INFO  Base3:101 - GB.webRootPath: 
2024-09-11 11:01:25 INFO  Base3:98 - *******************************
2024-09-11 11:01:25 INFO  Base3:99 - Web Base Program Start
2024-09-11 11:01:25 INFO  Base3:100 - GB.exePath: E:/kevin/myCode/pbxSet
2024-09-11 11:01:25 INFO  Base3:101 - GB.webRootPath: 
2024-09-11 11:02:51 INFO  Base3:98 - *******************************
2024-09-11 11:02:51 INFO  Base3:99 - Web Base Program Start
2024-09-11 11:02:51 INFO  Base3:100 - GB.exePath: E:/kevin/myCode/pbxSet
2024-09-11 11:02:51 INFO  Base3:101 - GB.webRootPath: 
2024-09-11 11:03:03 INFO  Base3:98 - *******************************
2024-09-11 11:03:03 INFO  Base3:99 - Web Base Program Start
2024-09-11 11:03:03 INFO  Base3:100 - GB.exePath: E:/kevin/myCode/pbxSet
2024-09-11 11:03:03 INFO  Base3:101 - GB.webRootPath: 
2024-09-11 11:04:17 INFO  Base3:98 - *******************************
2024-09-11 11:04:17 INFO  Base3:99 - Web Base Program Start
2024-09-11 11:04:17 INFO  Base3:100 - GB.exePath: E:/kevin/myCode/pbxSet
2024-09-11 11:04:17 INFO  Base3:101 - GB.webRootPath: 
2024-09-11 11:06:42 INFO  Base3:98 - *******************************
2024-09-11 11:06:42 INFO  Base3:99 - Web Base Program Start
2024-09-11 11:06:42 INFO  Base3:100 - GB.exePath: E:/kevin/myCode/pbxSet
2024-09-11 11:06:42 INFO  Base3:101 - GB.webRootPath: 
2024-09-11 11:07:07 INFO  Base3:98 - *******************************
2024-09-11 11:07:07 INFO  Base3:99 - Web Base Program Start
2024-09-11 11:07:07 INFO  Base3:100 - GB.exePath: E:/kevin/myCode/pbxSet
2024-09-11 11:07:07 INFO  Base3:101 - GB.webRootPath: 
2024-09-11 11:10:26 INFO  Base3:98 - *******************************
2024-09-11 11:10:26 INFO  Base3:99 - Web Base Program Start
2024-09-11 11:10:26 INFO  Base3:100 - GB.exePath: E:/kevin/myCode/pbxSet
2024-09-11 11:10:26 INFO  Base3:101 - GB.webRootPath: 
2024-09-11 11:22:18 INFO  Base3:98 - *******************************
2024-09-11 11:22:18 INFO  Base3:99 - Web Base Program Start
2024-09-11 11:22:18 INFO  Base3:100 - GB.exePath: E:/kevin/myCode/pbxSet
2024-09-11 11:22:18 INFO  Base3:101 - GB.webRootPath: 
2024-09-11 11:22:39 INFO  Base3:98 - *******************************
2024-09-11 11:22:39 INFO  Base3:99 - Web Base Program Start
2024-09-11 11:22:39 INFO  Base3:100 - GB.exePath: E:/kevin/myCode/pbxSet
2024-09-11 11:22:39 INFO  Base3:101 - GB.webRootPath: 
2024-09-11 11:27:07 INFO  Base3:98 - *******************************
2024-09-11 11:27:07 INFO  Base3:99 - Web Base Program Start
2024-09-11 11:27:07 INFO  Base3:100 - GB.exePath: E:/kevin/myCode/pbxSet
2024-09-11 11:27:07 INFO  Base3:101 - GB.webRootPath: 
2024-09-11 11:32:06 INFO  Base3:98 - *******************************
2024-09-11 11:32:06 INFO  Base3:99 - Web Base Program Start
2024-09-11 11:32:06 INFO  Base3:100 - GB.exePath: E:/kevin/myCode/pbxSet
2024-09-11 11:32:06 INFO  Base3:101 - GB.webRootPath: 
2024-09-11 11:55:22 INFO  Base3:98 - *******************************
2024-09-11 11:55:22 INFO  Base3:99 - Web Base Program Start
2024-09-11 11:55:22 INFO  Base3:100 - GB.exePath: E:/kevin/myCode/pbxSet
2024-09-11 11:55:22 INFO  Base3:101 - GB.webRootPath: 
2024-09-11 13:11:28 INFO  Base3:98 - *******************************
2024-09-11 13:11:28 INFO  Base3:99 - Web Base Program Start
2024-09-11 13:11:28 INFO  Base3:100 - GB.exePath: E:/kevin/myCode/pbxSet
2024-09-11 13:11:28 INFO  Base3:101 - GB.webRootPath: 
2024-09-11 13:12:30 INFO  Base3:589 - callNumber: softPhone1 ==> 104
2024-09-11 13:15:50 INFO  Base3:834 - Extension 1011 dial to 1012.
2024-09-11 13:16:08 INFO  Base3:834 - Extension 1011 disconnect.
2024-09-11 13:48:24 INFO  Base3:98 - *******************************
2024-09-11 13:48:24 INFO  Base3:99 - Web Base Program Start
2024-09-11 13:48:24 INFO  Base3:100 - GB.exePath: E:/kevin/myCode/pbxSet
2024-09-11 13:48:24 INFO  Base3:101 - GB.webRootPath: 
2024-09-11 14:23:38 INFO  Base3:98 - *******************************
2024-09-11 14:23:38 INFO  Base3:99 - Web Base Program Start
2024-09-11 14:23:38 INFO  Base3:100 - GB.exePath: E:/kevin/myCode/pbxSet
2024-09-11 14:23:38 INFO  Base3:101 - GB.webRootPath: 
2024-09-11 14:42:31 INFO  Base3:98 - *******************************
2024-09-11 14:42:31 INFO  Base3:99 - Web Base Program Start
2024-09-11 14:42:31 INFO  Base3:100 - GB.exePath: E:/kevin/myCode/pbxSet
2024-09-11 14:42:31 INFO  Base3:101 - GB.webRootPath: 
2024-09-11 15:18:05 INFO  Base3:834 - Extension 1011 disconnect.
2024-09-11 15:34:47 INFO  Base3:98 - *******************************
2024-09-11 15:34:47 INFO  Base3:99 - Web Base Program Start
2024-09-11 15:34:47 INFO  Base3:100 - GB.exePath: E:/kevin/myCode/pbxSet
2024-09-11 15:34:47 INFO  Base3:101 - GB.webRootPath: 
2024-09-11 15:39:08 INFO  Base3:98 - *******************************
2024-09-11 15:39:08 INFO  Base3:99 - Web Base Program Start
2024-09-11 15:39:08 INFO  Base3:100 - GB.exePath: E:/kevin/myCode/pbxSet
2024-09-11 15:39:08 INFO  Base3:101 - GB.webRootPath: 
2024-09-11 15:45:58 INFO  Base3:98 - *******************************
2024-09-11 15:45:58 INFO  Base3:99 - Web Base Program Start
2024-09-11 15:45:58 INFO  Base3:100 - GB.exePath: E:/kevin/myCode/pbxSet
2024-09-11 15:45:58 INFO  Base3:101 - GB.webRootPath: 
2024-09-11 15:47:39 INFO  Base3:98 - *******************************
2024-09-11 15:47:39 INFO  Base3:99 - Web Base Program Start
2024-09-11 15:47:39 INFO  Base3:100 - GB.exePath: E:/kevin/myCode/pbxSet
2024-09-11 15:47:39 INFO  Base3:101 - GB.webRootPath: 
2024-09-11 15:49:18 INFO  Base3:98 - *******************************
2024-09-11 15:49:18 INFO  Base3:99 - Web Base Program Start
2024-09-11 15:49:18 INFO  Base3:100 - GB.exePath: E:/kevin/myCode/pbxSet
2024-09-11 15:49:18 INFO  Base3:101 - GB.webRootPath: 
2024-09-11 15:50:23 INFO  Base3:98 - *******************************
2024-09-11 15:50:23 INFO  Base3:99 - Web Base Program Start
2024-09-11 15:50:23 INFO  Base3:100 - GB.exePath: E:/kevin/myCode/pbxSet
2024-09-11 15:50:23 INFO  Base3:101 - GB.webRootPath: 
2024-09-11 15:59:56 INFO  Base3:98 - *******************************
2024-09-11 15:59:56 INFO  Base3:99 - Web Base Program Start
2024-09-11 15:59:56 INFO  Base3:100 - GB.exePath: E:/kevin/myCode/pbxSet
2024-09-11 15:59:56 INFO  Base3:101 - GB.webRootPath: 
2024-09-11 16:11:44 INFO  Base3:98 - *******************************
2024-09-11 16:11:44 INFO  Base3:99 - Web Base Program Start
2024-09-11 16:11:44 INFO  Base3:100 - GB.exePath: E:/kevin/myCode/pbxSet
2024-09-11 16:11:44 INFO  Base3:101 - GB.webRootPath: 
2024-09-11 16:20:49 INFO  Base3:98 - *******************************
2024-09-11 16:20:49 INFO  Base3:99 - Web Base Program Start
2024-09-11 16:20:49 INFO  Base3:100 - GB.exePath: E:/kevin/myCode/pbxSet
2024-09-11 16:20:49 INFO  Base3:101 - GB.webRootPath: 
2024-09-11 16:42:04 INFO  Base3:98 - *******************************
2024-09-11 16:42:04 INFO  Base3:99 - Web Base Program Start
2024-09-11 16:42:04 INFO  Base3:100 - GB.exePath: E:/kevin/myCode/pbxSet
2024-09-11 16:42:04 INFO  Base3:101 - GB.webRootPath: 
2024-09-11 16:42:29 INFO  Base3:834 - Extension 169 dial to 121.
2024-09-11 16:42:30 INFO  Base3:834 - Extension 169 connect to 121.
2024-09-11 16:42:36 INFO  Base3:834 - Extension 169 disconnect.
2024-09-11 16:43:05 INFO  Base3:834 - Extension 1011 disconnect.
2024-09-11 16:46:08 INFO  Base3:834 - Extension 169 dial to 121.
2024-09-11 16:46:09 INFO  Base3:834 - Extension 169 connect to 121.
2024-09-11 16:46:15 INFO  Base3:834 - Extension 169 disconnect.
2024-09-11 16:48:57 INFO  Base3:834 - Extension 169 dial to 123.
2024-09-11 16:49:05 INFO  Base3:834 - Extension 169 connect to 123.
2024-09-11 16:49:57 INFO  Base3:834 - Extension 169 disconnect.
2024-09-11 16:50:13 INFO  Base3:834 - Extension 169 dial to 114.
2024-09-11 16:50:23 INFO  Base3:834 - Extension 169 connect to 114.
2024-09-11 16:50:34 INFO  Base3:834 - Extension 169 disconnect.
2024-09-11 16:51:06 INFO  Base3:834 - Extension 169 dial to 121.
2024-09-11 16:51:07 INFO  Base3:834 - Extension 169 connect to 121.
2024-09-11 16:53:13 INFO  Base3:834 - Extension 169 disconnect.
2024-09-11 16:53:18 INFO  Base3:834 - Extension 169 dial to 114.
2024-09-11 16:53:28 INFO  Base3:834 - Extension 169 connect to 114.
2024-09-11 16:54:30 INFO  Base3:834 - Extension 169 disconnect.
2024-09-11 17:04:30 INFO  Base3:834 - Extension 1011 disconnect.
2024-09-11 17:06:40 INFO  Base3:834 - Extension 104 disconnect.
2024-09-11 17:07:11 INFO  Base3:834 - Extension 104 disconnect.
2024-09-11 17:07:41 INFO  Base3:834 - Extension 1011 disconnect.
2024-09-11 17:07:47 INFO  Base3:834 - Extension 1011 disconnect.
2024-09-11 17:08:35 INFO  Base3:834 - Extension 1011 disconnect.
2024-09-11 17:09:22 INFO  Base3:834 - Extension 1011 disconnect.
2024-09-11 17:13:34 INFO  Base3:834 - Extension 1011 disconnect.
2024-09-11 17:14:10 INFO  Base3:834 - Extension 1011 disconnect.
2024-09-11 17:15:57 INFO  Base3:834 - Extension 104 disconnect.
2024-09-11 17:16:41 INFO  Base3:834 - Extension 104 disconnect.
2024-09-11 17:16:44 INFO  Base3:834 - Extension 121 disconnect.
2024-09-11 17:16:45 INFO  Base3:834 - Extension 123 disconnect.
2024-09-11 17:16:55 INFO  Base3:834 - Extension 102 disconnect.
2024-09-11 17:17:28 INFO  Base3:834 - Extension 104 disconnect.
2024-09-11 17:17:44 INFO  Base3:834 - Extension 1011 disconnect.
2024-09-11 17:17:53 INFO  Base3:834 - Extension 121 dial to 123.
2024-09-11 17:17:56 INFO  Base3:834 - Extension 121 connect to 123.
2024-09-11 17:17:57 INFO  Base3:834 - Extension 1011 disconnect.
2024-09-11 17:17:59 INFO  Base3:834 - Extension 123 disconnect.
2024-09-11 17:19:37 INFO  Base3:834 - Extension 121 disconnect.
2024-09-11 17:19:38 INFO  Base3:834 - Extension 123 disconnect.
2024-09-11 17:20:27 INFO  Base3:834 - Extension 121 disconnect.
2024-09-11 17:20:28 INFO  Base3:834 - Extension 123 disconnect.
2024-09-11 17:20:29 INFO  Base3:834 - Extension 125 disconnect.
2024-09-11 17:21:27 INFO  Base3:834 - Extension 104 disconnect.
2024-09-11 17:25:40 INFO  Base3:591 - callNumber: softPhone1 ==> 104
2024-09-11 17:25:43 INFO  Base3:591 - callNumber: softPhone2 ==> 102
2024-09-11 17:25:46 INFO  Base3:591 - callNumber: softPhone2 ==> 104
2024-09-11 17:25:47 INFO  Base3:834 - Extension 102 dial to 104.
2024-09-11 17:27:48 INFO  Base3:834 - Extension 121 dial to 123.
2024-09-11 17:27:49 INFO  Base3:834 - Extension 121 connect to 123.
2024-09-11 17:27:54 INFO  Base3:834 - Extension 125 dial to 123.
2024-09-11 17:28:06 INFO  Base3:834 - Extension 123 disconnect.
2024-09-11 17:28:18 INFO  Base3:834 - Extension 104 dial to 123.
2024-09-11 17:28:20 INFO  Base3:834 - Extension 104 connect to 123.
2024-09-11 17:28:27 INFO  Base3:834 - Extension 121 dial to 104.
2024-09-11 17:29:01 INFO  Base3:834 - Extension 104 disconnect.
2024-09-11 17:30:15 INFO  Base3:834 - Extension 104 dial to 123.
2024-09-11 17:30:17 INFO  Base3:834 - Extension 104 connect to 123.
2024-09-11 17:30:26 INFO  Base3:834 - Extension 121 dial to 104.
2024-09-11 17:31:06 INFO  Base3:834 - Extension 121 dial to 104.
2024-09-11 17:31:16 INFO  Base3:834 - Extension 121 connect to 104.
2024-09-11 17:31:39 INFO  Base3:834 - Extension 121 disconnect.
2024-09-11 17:31:40 INFO  Base3:834 - Extension 104 disconnect.
2024-09-11 17:31:49 INFO  Base3:834 - Extension 104 dial to 123.
2024-09-11 17:31:50 INFO  Base3:834 - Extension 104 connect to 123.
2024-09-11 17:31:56 INFO  Base3:834 - Extension 121 dial to 104.
2024-09-11 17:32:07 INFO  Base3:834 - Extension 123 disconnect.
2024-09-11 17:32:25 INFO  Base3:834 - Extension 104 dial to 123.
2024-09-11 17:32:27 INFO  Base3:834 - Extension 104 connect to 123.
2024-09-11 17:32:32 INFO  Base3:834 - Extension 121 dial to 104.
2024-09-11 17:32:57 INFO  Base3:834 - Extension 104 disconnect.
2024-09-11 17:33:03 INFO  Base3:834 - Extension 104 dial to 123.
2024-09-11 17:33:05 INFO  Base3:834 - Extension 104 connect to 123.
2024-09-11 17:33:10 INFO  Base3:834 - Extension 121 dial to 104.
2024-09-11 17:33:24 INFO  Base3:834 - Extension 121 connect to 104.
2024-09-11 17:33:32 INFO  Base3:834 - Extension 121 disconnect.
2024-09-11 17:33:33 INFO  Base3:834 - Extension 104 disconnect.
2024-09-11 17:34:09 INFO  Base3:834 - Extension 121 dial to 123.
2024-09-11 17:34:12 INFO  Base3:834 - Extension 121 connect to 123.
2024-09-11 17:57:29 INFO  Base3:834 - Extension 123 disconnect.
2024-09-11 17:57:36 INFO  Base3:834 - Extension 123 dial to 113.
2024-09-11 17:57:41 INFO  Base3:834 - Extension 123 connect to 113.
2024-09-11 17:57:49 INFO  Base3:834 - Extension 121 dial to 113.
2024-09-11 17:58:33 INFO  Base3:834 - Extension 123 disconnect.
2024-09-11 17:58:45 INFO  Base3:834 - Extension 121 dial to 113.
2024-09-11 17:58:48 INFO  Base3:834 - Extension 121 connect to 113.
2024-09-11 17:58:55 INFO  Base3:834 - Extension 123 dial to 113.
2024-09-11 18:00:45 INFO  Base3:834 - Extension 121 disconnect.
2024-09-11 18:00:50 INFO  Base3:834 - Extension 113 dial to 121.
2024-09-11 18:00:53 INFO  Base3:834 - Extension 113 connect to 121.
2024-09-11 18:01:00 INFO  Base3:834 - Extension 123 dial to 113.
2024-09-11 18:01:42 INFO  Base3:834 - Extension 121 disconnect.
2024-09-11 18:08:06 INFO  Base3:834 - Extension 121 disconnect.
2024-09-11 18:17:35 INFO  Base3:834 - Extension 121 disconnect.
2024-09-11 18:18:08 INFO  Base3:834 - Extension 114 disconnect.
2024-09-11 18:20:13 INFO  Base3:834 - Extension 121 disconnect.
2024-09-11 18:20:18 INFO  Base3:834 - Extension 1011 disconnect.
2024-09-11 18:20:52 INFO  Base3:834 - Extension 121 disconnect.
2024-09-11 18:21:06 INFO  Base3:834 - Extension 123 disconnect.
2024-09-11 18:21:07 INFO  Base3:834 - Extension 121 disconnect.
2024-09-11 18:21:47 INFO  Base3:834 - Extension 121 disconnect.
2024-09-11 18:21:47 INFO  Base3:834 - Extension 123 disconnect.
2024-09-11 18:22:10 INFO  Base3:834 - Extension 125 disconnect.
2024-09-11 18:31:11 INFO  Base3:98 - *******************************
2024-09-11 18:31:11 INFO  Base3:99 - Web Base Program Start
2024-09-11 18:31:11 INFO  Base3:100 - GB.exePath: E:/kevin/myCode/pbxSet
2024-09-11 18:31:11 INFO  Base3:101 - GB.webRootPath: 
2024-09-11 18:31:29 INFO  Base3:98 - *******************************
2024-09-11 18:31:29 INFO  Base3:99 - Web Base Program Start
2024-09-11 18:31:29 INFO  Base3:100 - GB.exePath: E:/kevin/myCode/pbxSet
2024-09-11 18:31:29 INFO  Base3:101 - GB.webRootPath: 
2024-09-11 18:56:28 INFO  Base3:834 - Extension 123 disconnect.
2024-09-11 18:57:40 INFO  Base3:834 - Extension 160 dial to 111.
2024-09-11 18:57:48 INFO  Base3:834 - Extension 160 dial to 112.
2024-09-11 18:58:04 INFO  Base3:834 - Extension 113 dial to 111.
2024-09-11 18:58:10 INFO  Base3:834 - Extension 113 dial to 111.
2024-09-11 18:58:46 INFO  Base3:834 - Extension 123 dial to 116.
2024-09-11 18:59:14 INFO  Base3:834 - Extension 160 dial to 111.
2024-09-11 18:59:23 INFO  Base3:834 - Extension 160 dial to 112.
2024-09-11 18:59:33 INFO  Base3:834 - Extension 160 dial to 111.
2024-09-11 18:59:37 INFO  Base3:834 - Extension 160 connect to 111.
2024-09-11 19:00:14 INFO  Base3:834 - Extension 160 disconnect.
2024-09-11 19:00:19 INFO  Base3:834 - Extension 112 disconnect.
2024-09-11 19:41:54 INFO  Base3:834 - Extension 1011 disconnect.
2024-09-11 19:43:16 INFO  Base3:834 - Extension 1011 disconnect.
2024-09-11 19:44:09 INFO  Base3:834 - Extension 1011 disconnect.
2024-09-11 19:45:28 INFO  Base3:834 - Extension 1011 disconnect.
2024-09-11 19:48:58 INFO  Base3:834 - Extension 1011 disconnect.
2024-09-11 19:52:08 INFO  Base3:834 - Extension 1011 disconnect.
2024-09-11 19:53:12 INFO  Base3:834 - Extension 1011 disconnect.
2024-09-11 19:55:37 INFO  Base3:834 - Extension 1012 disconnect.
2024-09-11 19:55:42 INFO  Base3:834 - Extension 1012 disconnect.
2024-09-11 19:56:00 INFO  Base3:834 - Extension 1012 disconnect.
2024-09-11 19:56:02 INFO  Base3:834 - Extension 1011 disconnect.
2024-09-11 20:00:22 INFO  Base3:834 - Extension 160 dial to 150.
2024-09-11 20:02:28 INFO  Base3:834 - Extension 1011 disconnect.
2024-09-11 20:02:43 INFO  Base3:834 - Extension 160 disconnect.
2024-09-11 20:05:51 INFO  Base3:834 - Extension 102 disconnect.
2024-09-11 20:06:28 INFO  Base3:834 - Extension 102 disconnect.
2024-09-11 20:06:45 INFO  Base3:834 - Extension 104 disconnect.
2024-09-11 20:06:54 INFO  Base3:834 - Extension 102 disconnect.
2024-09-11 20:07:44 INFO  Base3:834 - Extension 102 disconnect.
2024-09-11 20:08:45 INFO  Base3:834 - Extension 123 disconnect.
2024-09-11 20:08:49 INFO  Base3:834 - Extension 125 disconnect.
2024-09-11 20:08:57 INFO  Base3:834 - Extension 121 disconnect.
2024-09-11 20:09:55 INFO  Base3:834 - Extension 125 disconnect.
2024-09-11 20:09:56 INFO  Base3:834 - Extension 123 disconnect.
2024-09-11 20:09:57 INFO  Base3:834 - Extension 121 disconnect.
2024-09-11 20:10:53 INFO  Base3:834 - Extension 1013 disconnect.
2024-09-11 20:11:16 INFO  Base3:834 - Extension 1011 disconnect.
2024-09-11 20:12:07 INFO  Base3:834 - Extension 125 disconnect.
2024-09-11 20:12:08 INFO  Base3:834 - Extension 123 disconnect.
2024-09-11 20:14:57 INFO  Base3:834 - Extension 123 disconnect.
2024-09-11 20:14:59 INFO  Base3:834 - Extension 125 disconnect.
2024-09-11 20:15:40 INFO  Base3:834 - Extension 123 disconnect.
2024-09-11 20:16:16 INFO  Base3:834 - Extension 121 disconnect.
2024-09-11 20:16:18 INFO  Base3:834 - Extension 123 disconnect.
2024-09-11 20:19:04 INFO  Base3:834 - Extension 1011 dial to 1013.
2024-09-11 20:19:07 INFO  Base3:834 - Extension 1011 connect to 1013.
2024-09-11 20:20:54 INFO  Base3:834 - Extension 1011 disconnect.
2024-09-11 20:21:23 INFO  Base3:834 - Extension 1011 disconnect.
2024-09-11 20:22:13 INFO  Base3:834 - Extension 1011 disconnect.
2024-09-20 03:09:38 INFO  Base3:98 - *******************************
2024-09-20 03:09:39 INFO  Base3:99 - Web Base Program Start
2024-09-20 03:09:39 INFO  Base3:100 - GB.exePath: E:/kevin/myCode/pbxSet
2024-09-20 03:09:39 INFO  Base3:101 - GB.webRootPath: 
2024-09-20 03:20:02 INFO  Base3:98 - *******************************
2024-09-20 03:20:02 INFO  Base3:99 - Web Base Program Start
2024-09-20 03:20:02 INFO  Base3:100 - GB.exePath: E:/kevin/myCode/pbxSet
2024-09-20 03:20:02 INFO  Base3:101 - GB.webRootPath: 
2024-09-20 03:20:08 INFO  Base3:98 - *******************************
2024-09-20 03:20:08 INFO  Base3:99 - Web Base Program Start
2024-09-20 03:20:08 INFO  Base3:100 - GB.exePath: E:/kevin/myCode/pbxSet
2024-09-20 03:20:08 INFO  Base3:101 - GB.webRootPath: 
2024-09-20 03:21:56 INFO  Base3:98 - *******************************
2024-09-20 03:21:56 INFO  Base3:99 - Web Base Program Start
2024-09-20 03:21:56 INFO  Base3:100 - GB.exePath: E:/kevin/myCode/pbxSet
2024-09-20 03:21:56 INFO  Base3:101 - GB.webRootPath: 
2024-09-20 03:25:19 INFO  Base3:98 - *******************************
2024-09-20 03:25:19 INFO  Base3:99 - Web Base Program Start
2024-09-20 03:25:19 INFO  Base3:100 - GB.exePath: E:/kevin/myCode/pbxSet
2024-09-20 03:25:19 INFO  Base3:101 - GB.webRootPath: 
2024-09-20 03:32:17 INFO  Base3:98 - *******************************
2024-09-20 03:32:17 INFO  Base3:99 - Web Base Program Start
2024-09-20 03:32:17 INFO  Base3:100 - GB.exePath: E:/kevin/myCode/pbxSet
2024-09-20 03:32:17 INFO  Base3:101 - GB.webRootPath: 
2024-09-20 03:33:04 INFO  Base3:98 - *******************************
2024-09-20 03:33:04 INFO  Base3:99 - Web Base Program Start
2024-09-20 03:33:04 INFO  Base3:100 - GB.exePath: E:/kevin/myCode/pbxSet
2024-09-20 03:33:04 INFO  Base3:101 - GB.webRootPath: 
2024-09-20 03:35:21 INFO  Base3:98 - *******************************
2024-09-20 03:35:21 INFO  Base3:99 - Web Base Program Start
2024-09-20 03:35:21 INFO  Base3:100 - GB.exePath: E:/kevin/myCode/pbxSet
2024-09-20 03:35:21 INFO  Base3:101 - GB.webRootPath: 
2024-09-20 03:37:17 INFO  Base3:98 - *******************************
2024-09-20 03:37:17 INFO  Base3:99 - Web Base Program Start
2024-09-20 03:37:17 INFO  Base3:100 - GB.exePath: E:/kevin/myCode/pbxSet
2024-09-20 03:37:17 INFO  Base3:101 - GB.webRootPath: 
2024-09-20 03:37:42 INFO  Base3:98 - *******************************
2024-09-20 03:37:42 INFO  Base3:99 - Web Base Program Start
2024-09-20 03:37:42 INFO  Base3:100 - GB.exePath: E:/kevin/myCode/pbxSet
2024-09-20 03:37:42 INFO  Base3:101 - GB.webRootPath: 
2024-09-20 03:38:21 INFO  Base3:98 - *******************************
2024-09-20 03:38:21 INFO  Base3:99 - Web Base Program Start
2024-09-20 03:38:21 INFO  Base3:100 - GB.exePath: E:/kevin/myCode/pbxSet
2024-09-20 03:38:21 INFO  Base3:101 - GB.webRootPath: 
2024-11-15 16:07:37 INFO  Base3:98 - *******************************
2024-11-15 16:07:37 INFO  Base3:99 - Web Base Program Start
2024-11-15 16:07:37 INFO  Base3:100 - GB.exePath: E:/kevin/myCode/pbxSet
2024-11-15 16:07:37 INFO  Base3:101 - GB.webRootPath: 
2024-11-15 16:12:49 INFO  Base3:98 - *******************************
2024-11-15 16:12:49 INFO  Base3:99 - Web Base Program Start
2024-11-15 16:12:49 INFO  Base3:100 - GB.exePath: E:/kevin/myCode/pbxSet
2024-11-15 16:12:49 INFO  Base3:101 - GB.webRootPath: 
2024-11-15 16:15:18 INFO  Base3:98 - *******************************
2024-11-15 16:15:18 INFO  Base3:99 - Web Base Program Start
2024-11-15 16:15:18 INFO  Base3:100 - GB.exePath: E:/kevin/myCode/pbxSet
2024-11-15 16:15:18 INFO  Base3:101 - GB.webRootPath: 
2024-11-15 16:19:10 INFO  Base3:98 - *******************************
2024-11-15 16:19:10 INFO  Base3:99 - Web Base Program Start
2024-11-15 16:19:10 INFO  Base3:100 - GB.exePath: E:/kevin/myCode/pbxSet
2024-11-15 16:19:10 INFO  Base3:101 - GB.webRootPath: 
2024-11-19 14:56:34 INFO  Base3:98 - *******************************
2024-11-19 14:56:34 INFO  Base3:99 - Web Base Program Start
2024-11-19 14:56:34 INFO  Base3:100 - GB.exePath: E:/kevin/myCode/pbxSet
2024-11-19 14:56:34 INFO  Base3:101 - GB.webRootPath: 
2024-11-19 14:57:11 INFO  Base3:98 - *******************************
2024-11-19 14:57:11 INFO  Base3:99 - Web Base Program Start
2024-11-19 14:57:11 INFO  Base3:100 - GB.exePath: E:/kevin/myCode/pbxSet
2024-11-19 14:57:11 INFO  Base3:101 - GB.webRootPath: 
2024-11-19 15:04:52 INFO  Base3:98 - *******************************
2024-11-19 15:04:52 INFO  Base3:99 - Web Base Program Start
2024-11-19 15:04:52 INFO  Base3:100 - GB.exePath: E:/kevin/myCode/pbxSet
2024-11-19 15:04:52 INFO  Base3:101 - GB.webRootPath: 
2024-11-19 15:06:48 INFO  Base3:98 - *******************************
2024-11-19 15:06:48 INFO  Base3:99 - Web Base Program Start
2024-11-19 15:06:48 INFO  Base3:100 - GB.exePath: E:/kevin/myCode/pbxSet
2024-11-19 15:06:48 INFO  Base3:101 - GB.webRootPath: 
2024-11-19 15:08:59 INFO  Base3:98 - *******************************
2024-11-19 15:08:59 INFO  Base3:99 - Web Base Program Start
2024-11-19 15:08:59 INFO  Base3:100 - GB.exePath: E:/kevin/myCode/pbxSet
2024-11-19 15:08:59 INFO  Base3:101 - GB.webRootPath: 
2024-11-20 11:28:33 INFO  Base3:98 - *******************************
2024-11-20 11:28:33 INFO  Base3:99 - Web Base Program Start
2024-11-20 11:28:33 INFO  Base3:100 - GB.exePath: E:/kevin/myCode/pbxSet
2024-11-20 11:28:33 INFO  Base3:101 - GB.webRootPath: 
2024-11-20 13:23:35 INFO  Base3:98 - *******************************
2024-11-20 13:23:35 INFO  Base3:99 - Web Base Program Start
2024-11-20 13:23:35 INFO  Base3:100 - GB.exePath: E:/kevin/myCode/pbxSet
2024-11-20 13:23:35 INFO  Base3:101 - GB.webRootPath: 
2024-11-20 14:14:52 INFO  Base3:98 - *******************************
2024-11-20 14:14:52 INFO  Base3:99 - Web Base Program Start
2024-11-20 14:14:52 INFO  Base3:100 - GB.exePath: E:/kevin/myCode/pbxSet
2024-11-20 14:14:52 INFO  Base3:101 - GB.webRootPath: 
2024-11-20 14:15:47 INFO  Base3:98 - *******************************
2024-11-20 14:15:47 INFO  Base3:99 - Web Base Program Start
2024-11-20 14:15:47 INFO  Base3:100 - GB.exePath: E:/kevin/myCode/pbxSet
2024-11-20 14:15:47 INFO  Base3:101 - GB.webRootPath: 
2024-11-20 14:17:10 INFO  Base3:98 - *******************************
2024-11-20 14:17:10 INFO  Base3:99 - Web Base Program Start
2024-11-20 14:17:10 INFO  Base3:100 - GB.exePath: E:/kevin/myCode/pbxSet
2024-11-20 14:17:10 INFO  Base3:101 - GB.webRootPath: 
2024-11-20 14:21:14 INFO  Base3:98 - *******************************
2024-11-20 14:21:14 INFO  Base3:99 - Web Base Program Start
2024-11-20 14:21:14 INFO  Base3:100 - GB.exePath: E:/kevin/myCode/pbxSet
2024-11-20 14:21:14 INFO  Base3:101 - GB.webRootPath: 
2024-11-20 15:05:22 INFO  Base3:98 - *******************************
2024-11-20 15:05:22 INFO  Base3:99 - Web Base Program Start
2024-11-20 15:05:22 INFO  Base3:100 - GB.exePath: E:/kevin/myCode/pbxSet
2024-11-20 15:05:22 INFO  Base3:101 - GB.webRootPath: 
2024-11-20 15:07:00 INFO  Base3:98 - *******************************
2024-11-20 15:07:00 INFO  Base3:99 - Web Base Program Start
2024-11-20 15:07:00 INFO  Base3:100 - GB.exePath: E:/kevin/myCode/pbxSet
2024-11-20 15:07:00 INFO  Base3:101 - GB.webRootPath: 
2024-11-20 15:15:15 INFO  Base3:98 - *******************************
2024-11-20 15:15:15 INFO  Base3:99 - Web Base Program Start
2024-11-20 15:15:15 INFO  Base3:100 - GB.exePath: E:/kevin/myCode/pbxSet
2024-11-20 15:15:15 INFO  Base3:101 - GB.webRootPath: 
2024-11-20 15:30:50 INFO  Base3:98 - *******************************
2024-11-20 15:30:50 INFO  Base3:99 - Web Base Program Start
2024-11-20 15:30:50 INFO  Base3:100 - GB.exePath: E:/kevin/myCode/pbxSet
2024-11-20 15:30:50 INFO  Base3:101 - GB.webRootPath: 
2024-11-20 16:10:54 INFO  Base3:98 - *******************************
2024-11-20 16:10:54 INFO  Base3:99 - Web Base Program Start
2024-11-20 16:10:54 INFO  Base3:100 - GB.exePath: E:/kevin/myCode/pbxSet
2024-11-20 16:10:54 INFO  Base3:101 - GB.webRootPath: 
2024-12-03 16:29:27 INFO  Base3:98 - *******************************
2024-12-03 16:29:27 INFO  Base3:99 - Web Base Program Start
2024-12-03 16:29:27 INFO  Base3:100 - GB.exePath: E:/kevin/myCode/pbxSet
2024-12-03 16:29:27 INFO  Base3:101 - GB.webRootPath: 
2024-12-03 18:19:50 INFO  Base3:98 - *******************************
2024-12-03 18:19:50 INFO  Base3:99 - Web Base Program Start
2024-12-03 18:19:50 INFO  Base3:100 - GB.exePath: E:/kevin/myCode/pbxSet
2024-12-03 18:19:50 INFO  Base3:101 - GB.webRootPath: 
2024-12-03 18:24:32 INFO  Base3:98 - *******************************
2024-12-03 18:24:32 INFO  Base3:99 - Web Base Program Start
2024-12-03 18:24:32 INFO  Base3:100 - GB.exePath: E:/kevin/myCode/pbxSet
2024-12-03 18:24:32 INFO  Base3:101 - GB.webRootPath: 
2024-12-03 18:29:03 INFO  Base3:98 - *******************************
2024-12-03 18:29:03 INFO  Base3:99 - Web Base Program Start
2024-12-03 18:29:03 INFO  Base3:100 - GB.exePath: E:/kevin/myCode/pbxSet
2024-12-03 18:29:03 INFO  Base3:101 - GB.webRootPath: 
2024-12-03 18:41:29 INFO  Base3:98 - *******************************
2024-12-03 18:41:29 INFO  Base3:99 - Web Base Program Start
2024-12-03 18:41:29 INFO  Base3:100 - GB.exePath: E:/kevin/myCode/pbxSet
2024-12-03 18:41:29 INFO  Base3:101 - GB.webRootPath: 
2024-12-03 18:42:46 INFO  Base3:98 - *******************************
2024-12-03 18:42:46 INFO  Base3:99 - Web Base Program Start
2024-12-03 18:42:46 INFO  Base3:100 - GB.exePath: E:/kevin/myCode/pbxSet
2024-12-03 18:42:46 INFO  Base3:101 - GB.webRootPath: 
2024-12-03 18:45:29 INFO  Base3:98 - *******************************
2024-12-03 18:45:29 INFO  Base3:99 - Web Base Program Start
2024-12-03 18:45:29 INFO  Base3:100 - GB.exePath: E:/kevin/myCode/pbxSet
2024-12-03 18:45:29 INFO  Base3:101 - GB.webRootPath: 
2024-12-03 18:46:21 INFO  Base3:98 - *******************************
2024-12-03 18:46:21 INFO  Base3:99 - Web Base Program Start
2024-12-03 18:46:21 INFO  Base3:100 - GB.exePath: E:/kevin/myCode/pbxSet
2024-12-03 18:46:21 INFO  Base3:101 - GB.webRootPath: 
2024-12-05 15:56:35 INFO  Base3:98 - *******************************
2024-12-05 15:56:35 INFO  Base3:99 - Web Base Program Start
2024-12-05 15:56:35 INFO  Base3:100 - GB.exePath: E:/kevin/myCode/pbxSet
2024-12-05 15:56:35 INFO  Base3:101 - GB.webRootPath: 
2025-07-28 13:04:47 INFO  Base3:98 - *******************************
2025-07-28 13:04:47 INFO  Base3:99 - Web Base Program Start
2025-07-28 13:04:47 INFO  Base3:100 - GB.exePath: E:/kevin/myCode/pbxSet
2025-07-28 13:04:47 INFO  Base3:101 - GB.webRootPath: 
2025-07-28 13:06:28 INFO  Base3:98 - *******************************
2025-07-28 13:06:28 INFO  Base3:99 - Web Base Program Start
2025-07-28 13:06:28 INFO  Base3:100 - GB.exePath: E:/kevin/myCode/pbxSet
2025-07-28 13:06:28 INFO  Base3:101 - GB.webRootPath: 
2025-07-28 13:08:15 INFO  Base3:98 - *******************************
2025-07-28 13:08:15 INFO  Base3:99 - Web Base Program Start
2025-07-28 13:08:15 INFO  Base3:100 - GB.exePath: E:/kevin/myCode/pbxSet
2025-07-28 13:08:15 INFO  Base3:101 - GB.webRootPath: 
2025-07-28 13:08:33 INFO  Base3:98 - *******************************
2025-07-28 13:08:33 INFO  Base3:99 - Web Base Program Start
2025-07-28 13:08:33 INFO  Base3:100 - GB.exePath: E:/kevin/myCode/pbxSet
2025-07-28 13:08:33 INFO  Base3:101 - GB.webRootPath: 
2025-07-28 13:09:50 INFO  Base3:98 - *******************************
2025-07-28 13:09:50 INFO  Base3:99 - Web Base Program Start
2025-07-28 13:09:50 INFO  Base3:100 - GB.exePath: E:/kevin/myCode/pbxSet
2025-07-28 13:09:50 INFO  Base3:101 - GB.webRootPath: 
2025-07-28 13:12:25 INFO  Base3:98 - *******************************
2025-07-28 13:12:25 INFO  Base3:99 - Web Base Program Start
2025-07-28 13:12:25 INFO  Base3:100 - GB.exePath: E:/kevin/myCode/pbxSet
2025-07-28 13:12:25 INFO  Base3:101 - GB.webRootPath: 
2025-07-28 14:48:50 INFO  Base3:98 - *******************************
2025-07-28 14:48:50 INFO  Base3:99 - Web Base Program Start
2025-07-28 14:48:50 INFO  Base3:100 - GB.exePath: E:/kevin/myCode/pbxSet
2025-07-28 14:48:50 INFO  Base3:101 - GB.webRootPath: 
2025-07-28 15:25:12 INFO  Base3:98 - *******************************
2025-07-28 15:25:12 INFO  Base3:99 - Web Base Program Start
2025-07-28 15:25:12 INFO  Base3:100 - GB.exePath: E:/kevin/myCode/pbxSet
2025-07-28 15:25:12 INFO  Base3:101 - GB.webRootPath: 
2025-08-01 09:23:14 INFO  Base3:98 - *******************************
2025-08-01 09:23:14 INFO  Base3:99 - Web Base Program Start
2025-08-01 09:23:14 INFO  Base3:100 - GB.exePath: E:/kevin/myCode/pbxSet
2025-08-01 09:23:14 INFO  Base3:101 - GB.webRootPath: 
2025-08-21 17:54:54 INFO  Base3:98 - *******************************
2025-08-21 17:54:54 INFO  Base3:99 - Web Base Program Start
2025-08-21 17:54:54 INFO  Base3:100 - GB.exePath: E:/kevin/myCode/pbxSet
2025-08-21 17:54:54 INFO  Base3:101 - GB.webRootPath: 
2025-08-21 18:11:23 INFO  Base3:98 - *******************************
2025-08-21 18:11:23 INFO  Base3:99 - Web Base Program Start
2025-08-21 18:11:23 INFO  Base3:100 - GB.exePath: E:/kevin/myCode/pbxSet
2025-08-21 18:11:23 INFO  Base3:101 - GB.webRootPath: 
2025-08-25 15:22:37 INFO  Base3:98 - *******************************
2025-08-25 15:22:37 INFO  Base3:99 - Web Base Program Start
2025-08-25 15:22:37 INFO  Base3:100 - GB.exePath: E:/kevin/myCode/pbxSet
2025-08-25 15:22:37 INFO  Base3:101 - GB.webRootPath: 
2025-08-25 15:37:37 INFO  Base3:98 - *******************************
2025-08-25 15:37:37 INFO  Base3:99 - Web Base Program Start
2025-08-25 15:37:37 INFO  Base3:100 - GB.exePath: E:/kevin/myCode/pbxSet
2025-08-25 15:37:37 INFO  Base3:101 - GB.webRootPath: 
2025-08-25 15:41:56 INFO  Base3:98 - *******************************
2025-08-25 15:41:56 INFO  Base3:99 - Web Base Program Start
2025-08-25 15:41:56 INFO  Base3:100 - GB.exePath: E:/kevin/myCode/pbxSet
2025-08-25 15:41:56 INFO  Base3:101 - GB.webRootPath: 
2025-08-26 16:15:46 INFO  Base3:98 - *******************************
2025-08-26 16:15:46 INFO  Base3:99 - Web Base Program Start
2025-08-26 16:15:46 INFO  Base3:100 - GB.exePath: E:/kevin/myCode/pbxSet
2025-08-26 16:15:46 INFO  Base3:101 - GB.webRootPath: 
2025-08-26 16:49:23 INFO  Base3:98 - *******************************
2025-08-26 16:49:23 INFO  Base3:99 - Web Base Program Start
2025-08-26 16:49:23 INFO  Base3:100 - GB.exePath: E:/kevin/myCode/pbxSet
2025-08-26 16:49:23 INFO  Base3:101 - GB.webRootPath: 
2025-08-26 16:51:12 INFO  Base3:98 - *******************************
2025-08-26 16:51:12 INFO  Base3:99 - Web Base Program Start
2025-08-26 16:51:12 INFO  Base3:100 - GB.exePath: E:/kevin/myCode/pbxSet
2025-08-26 16:51:12 INFO  Base3:101 - GB.webRootPath: 
2025-08-26 17:13:46 INFO  Base3:98 - *******************************
2025-08-26 17:13:46 INFO  Base3:99 - Web Base Program Start
2025-08-26 17:13:46 INFO  Base3:100 - GB.exePath: E:/kevin/myCode/pbxSet
2025-08-26 17:13:46 INFO  Base3:101 - GB.webRootPath: 
2025-08-26 17:16:32 INFO  Base3:98 - *******************************
2025-08-26 17:16:32 INFO  Base3:99 - Web Base Program Start
2025-08-26 17:16:32 INFO  Base3:100 - GB.exePath: E:/kevin/myCode/pbxSet
2025-08-26 17:16:32 INFO  Base3:101 - GB.webRootPath: 
2025-08-26 17:22:58 INFO  Base3:98 - *******************************
2025-08-26 17:22:58 INFO  Base3:99 - Web Base Program Start
2025-08-26 17:22:58 INFO  Base3:100 - GB.exePath: E:/kevin/myCode/pbxSet
2025-08-26 17:22:58 INFO  Base3:101 - GB.webRootPath: 
2025-08-26 17:24:29 INFO  Base3:98 - *******************************
2025-08-26 17:24:29 INFO  Base3:99 - Web Base Program Start
2025-08-26 17:24:29 INFO  Base3:100 - GB.exePath: E:/kevin/myCode/pbxSet
2025-08-26 17:24:29 INFO  Base3:101 - GB.webRootPath: 
2025-08-26 20:31:03 INFO  Base3:98 - *******************************
2025-08-26 20:31:03 INFO  Base3:99 - Web Base Program Start
2025-08-26 20:31:03 INFO  Base3:100 - GB.exePath: E:/kevin/myCode/pbxSet
2025-08-26 20:31:03 INFO  Base3:101 - GB.webRootPath: 
2025-08-26 20:33:01 INFO  Base3:98 - *******************************
2025-08-26 20:33:01 INFO  Base3:99 - Web Base Program Start
2025-08-26 20:33:01 INFO  Base3:100 - GB.exePath: E:/kevin/myCode/pbxSet
2025-08-26 20:33:01 INFO  Base3:101 - GB.webRootPath: 
2025-08-26 20:50:20 INFO  Base3:98 - *******************************
2025-08-26 20:50:20 INFO  Base3:99 - Web Base Program Start
2025-08-26 20:50:20 INFO  Base3:100 - GB.exePath: E:/kevin/myCode/pbxSet
2025-08-26 20:50:20 INFO  Base3:101 - GB.webRootPath: 
2025-08-26 20:52:37 INFO  Base3:98 - *******************************
2025-08-26 20:52:37 INFO  Base3:99 - Web Base Program Start
2025-08-26 20:52:37 INFO  Base3:100 - GB.exePath: E:/kevin/myCode/pbxSet
2025-08-26 20:52:37 INFO  Base3:101 - GB.webRootPath: 
2025-08-26 20:53:33 INFO  Base3:98 - *******************************
2025-08-26 20:53:33 INFO  Base3:99 - Web Base Program Start
2025-08-26 20:53:33 INFO  Base3:100 - GB.exePath: E:/kevin/myCode/pbxSet
2025-08-26 20:53:33 INFO  Base3:101 - GB.webRootPath: 
2025-08-27 09:35:18 INFO  Base3:98 - *******************************
2025-08-27 09:35:18 INFO  Base3:99 - Web Base Program Start
2025-08-27 09:35:18 INFO  Base3:100 - GB.exePath: E:/kevin/myCode/pbxSet
2025-08-27 09:35:18 INFO  Base3:101 - GB.webRootPath: 
2025-08-27 09:43:35 INFO  Base3:98 - *******************************
2025-08-27 09:43:35 INFO  Base3:99 - Web Base Program Start
2025-08-27 09:43:35 INFO  Base3:100 - GB.exePath: E:/kevin/myCode/pbxSet
2025-08-27 09:43:35 INFO  Base3:101 - GB.webRootPath: 
2025-08-27 09:46:47 INFO  Base3:98 - *******************************
2025-08-27 09:46:47 INFO  Base3:99 - Web Base Program Start
2025-08-27 09:46:47 INFO  Base3:100 - GB.exePath: E:/kevin/myCode/pbxSet
2025-08-27 09:46:47 INFO  Base3:101 - GB.webRootPath: 
2025-08-27 10:02:00 INFO  Base3:98 - *******************************
2025-08-27 10:02:00 INFO  Base3:99 - Web Base Program Start
2025-08-27 10:02:00 INFO  Base3:100 - GB.exePath: E:/kevin/myCode/pbxSet
2025-08-27 10:02:00 INFO  Base3:101 - GB.webRootPath: 
2025-08-27 10:04:10 INFO  Base3:98 - *******************************
2025-08-27 10:04:10 INFO  Base3:99 - Web Base Program Start
2025-08-27 10:04:10 INFO  Base3:100 - GB.exePath: E:/kevin/myCode/pbxSet
2025-08-27 10:04:10 INFO  Base3:101 - GB.webRootPath: 
2025-08-27 10:31:22 INFO  Base3:98 - *******************************
2025-08-27 10:31:22 INFO  Base3:99 - Web Base Program Start
2025-08-27 10:31:22 INFO  Base3:100 - GB.exePath: E:/kevin/myCode/pbxSet
2025-08-27 10:31:22 INFO  Base3:101 - GB.webRootPath: 
2025-08-27 10:50:02 INFO  Base3:98 - *******************************
2025-08-27 10:50:02 INFO  Base3:99 - Web Base Program Start
2025-08-27 10:50:02 INFO  Base3:100 - GB.exePath: E:/kevin/myCode/pbxSet
2025-08-27 10:50:02 INFO  Base3:101 - GB.webRootPath: 
2025-08-27 11:10:00 INFO  Base3:98 - *******************************
2025-08-27 11:10:00 INFO  Base3:99 - Web Base Program Start
2025-08-27 11:10:00 INFO  Base3:100 - GB.exePath: E:/kevin/myCode/pbxSet
2025-08-27 11:10:00 INFO  Base3:101 - GB.webRootPath: 
2025-08-27 11:10:54 INFO  Base3:98 - *******************************
2025-08-27 11:10:54 INFO  Base3:99 - Web Base Program Start
2025-08-27 11:10:54 INFO  Base3:100 - GB.exePath: E:/kevin/myCode/pbxSet
2025-08-27 11:10:54 INFO  Base3:101 - GB.webRootPath: 
2025-08-27 11:19:42 INFO  Base3:98 - *******************************
2025-08-27 11:19:42 INFO  Base3:99 - Web Base Program Start
2025-08-27 11:19:42 INFO  Base3:100 - GB.exePath: E:/kevin/myCode/pbxSet
2025-08-27 11:19:42 INFO  Base3:101 - GB.webRootPath: 
2025-08-27 11:20:32 INFO  Base3:98 - *******************************
2025-08-27 11:20:32 INFO  Base3:99 - Web Base Program Start
2025-08-27 11:20:32 INFO  Base3:100 - GB.exePath: E:/kevin/myCode/pbxSet
2025-08-27 11:20:32 INFO  Base3:101 - GB.webRootPath: 
2025-08-27 11:23:29 INFO  Base3:98 - *******************************
2025-08-27 11:23:29 INFO  Base3:99 - Web Base Program Start
2025-08-27 11:23:29 INFO  Base3:100 - GB.exePath: E:/kevin/myCode/pbxSet
2025-08-27 11:23:29 INFO  Base3:101 - GB.webRootPath: 
2025-08-27 11:25:20 INFO  Base3:98 - *******************************
2025-08-27 11:25:20 INFO  Base3:99 - Web Base Program Start
2025-08-27 11:25:20 INFO  Base3:100 - GB.exePath: E:/kevin/myCode/pbxSet
2025-08-27 11:25:20 INFO  Base3:101 - GB.webRootPath: 
2025-08-27 11:42:16 INFO  Base3:98 - *******************************
2025-08-27 11:42:16 INFO  Base3:99 - Web Base Program Start
2025-08-27 11:42:16 INFO  Base3:100 - GB.exePath: E:/kevin/myCode/pbxSet
2025-08-27 11:42:16 INFO  Base3:101 - GB.webRootPath: 
2025-08-27 11:45:11 INFO  Base3:98 - *******************************
2025-08-27 11:45:11 INFO  Base3:99 - Web Base Program Start
2025-08-27 11:45:11 INFO  Base3:100 - GB.exePath: E:/kevin/myCode/pbxSet
2025-08-27 11:45:11 INFO  Base3:101 - GB.webRootPath: 
2025-08-27 11:48:02 INFO  Base3:98 - *******************************
2025-08-27 11:48:02 INFO  Base3:99 - Web Base Program Start
2025-08-27 11:48:02 INFO  Base3:100 - GB.exePath: E:/kevin/myCode/pbxSet
2025-08-27 11:48:02 INFO  Base3:101 - GB.webRootPath: 
2025-08-27 11:50:59 INFO  Base3:605 - callNumber: softPhone1 ==> 203
2025-08-27 11:51:02 INFO  Base3:605 - callNumber: softPhone1 ==> 203
2025-08-27 11:51:04 INFO  Base3:605 - callNumber: softPhone1 ==> 102
2025-08-27 11:51:07 INFO  Base3:605 - callNumber: softPhone1 ==> 203
2025-08-27 11:57:06 INFO  Base3:98 - *******************************
2025-08-27 11:57:06 INFO  Base3:99 - Web Base Program Start
2025-08-27 11:57:06 INFO  Base3:100 - GB.exePath: E:/kevin/myCode/pbxSet
2025-08-27 11:57:06 INFO  Base3:101 - GB.webRootPath: 
2025-08-27 11:57:15 INFO  Base3:98 - *******************************
2025-08-27 11:57:15 INFO  Base3:99 - Web Base Program Start
2025-08-27 11:57:15 INFO  Base3:100 - GB.exePath: E:/kevin/myCode/pbxSet
2025-08-27 11:57:15 INFO  Base3:101 - GB.webRootPath: 
2025-08-27 13:06:07 INFO  Base3:98 - *******************************
2025-08-27 13:06:07 INFO  Base3:99 - Web Base Program Start
2025-08-27 13:06:07 INFO  Base3:100 - GB.exePath: E:/kevin/myCode/pbxSet
2025-08-27 13:06:07 INFO  Base3:101 - GB.webRootPath: 
2025-08-27 13:07:42 INFO  Base3:98 - *******************************
2025-08-27 13:07:42 INFO  Base3:99 - Web Base Program Start
2025-08-27 13:07:42 INFO  Base3:100 - GB.exePath: E:/kevin/myCode/pbxSet
2025-08-27 13:07:42 INFO  Base3:101 - GB.webRootPath: 
2025-08-27 13:21:19 INFO  Base3:98 - *******************************
2025-08-27 13:21:19 INFO  Base3:99 - Web Base Program Start
2025-08-27 13:21:19 INFO  Base3:100 - GB.exePath: E:/kevin/myCode/pbxSet
2025-08-27 13:21:19 INFO  Base3:101 - GB.webRootPath: 
2025-08-27 13:28:32 INFO  Base3:98 - *******************************
2025-08-27 13:28:32 INFO  Base3:99 - Web Base Program Start
2025-08-27 13:28:32 INFO  Base3:100 - GB.exePath: E:/kevin/myCode/pbxSet
2025-08-27 13:28:32 INFO  Base3:101 - GB.webRootPath: 
2025-08-27 13:32:33 INFO  Base3:98 - *******************************
2025-08-27 13:32:33 INFO  Base3:99 - Web Base Program Start
2025-08-27 13:32:33 INFO  Base3:100 - GB.exePath: E:/kevin/myCode/pbxSet
2025-08-27 13:32:33 INFO  Base3:101 - GB.webRootPath: 
2025-08-27 13:33:24 INFO  Base3:621 - callNumber: softPhone1 ==> 203
2025-08-27 13:33:27 INFO  Base3:621 - callNumber: softPhone1 ==> 203
2025-08-27 13:33:30 INFO  Base3:621 - callNumber: softPhone1 ==> 203
2025-08-27 13:33:32 INFO  Base3:621 - callNumber: softPhone1 ==> 203
2025-08-27 13:33:34 INFO  Base3:621 - callNumber: softPhone1 ==> 203
2025-08-27 13:33:37 INFO  Base3:621 - callNumber: softPhone1 ==> 203
2025-08-27 13:33:43 INFO  Base3:621 - callNumber: softPhone1 ==> 203
2025-08-27 13:33:45 INFO  Base3:621 - callNumber: softPhone1 ==> 203
2025-08-27 13:33:47 INFO  Base3:621 - callNumber: softPhone1 ==> 203
2025-08-27 13:34:49 INFO  Base3:621 - callNumber: softPhone1 ==> 102
2025-08-27 13:34:51 INFO  Base3:621 - callNumber: softPhone1 ==> 303
2025-08-27 13:34:53 INFO  Base3:621 - callNumber: softPhone1 ==> 304
2025-08-27 13:34:55 INFO  Base3:621 - callNumber: softPhone1 ==> 121
2025-08-27 13:35:40 INFO  Base3:621 - callNumber: softPhone1 ==> 121
2025-08-27 13:36:12 INFO  Base3:621 - callNumber: softPhone1 ==> 121
2025-08-27 13:47:13 INFO  Base3:98 - *******************************
2025-08-27 13:47:13 INFO  Base3:99 - Web Base Program Start
2025-08-27 13:47:13 INFO  Base3:100 - GB.exePath: E:/kevin/myCode/pbxSet
2025-08-27 13:47:13 INFO  Base3:101 - GB.webRootPath: 
2025-08-27 13:48:04 INFO  Base3:98 - *******************************
2025-08-27 13:48:04 INFO  Base3:99 - Web Base Program Start
2025-08-27 13:48:04 INFO  Base3:100 - GB.exePath: E:/kevin/myCode/pbxSet
2025-08-27 13:48:04 INFO  Base3:101 - GB.webRootPath: 
2025-08-27 14:05:14 INFO  Base3:98 - *******************************
2025-08-27 14:05:14 INFO  Base3:99 - Web Base Program Start
2025-08-27 14:05:14 INFO  Base3:100 - GB.exePath: E:/kevin/myCode/pbxSet
2025-08-27 14:05:14 INFO  Base3:101 - GB.webRootPath: 
2025-08-27 14:05:38 INFO  Base3:98 - *******************************
2025-08-27 14:05:38 INFO  Base3:99 - Web Base Program Start
2025-08-27 14:05:38 INFO  Base3:100 - GB.exePath: E:/kevin/myCode/pbxSet
2025-08-27 14:05:38 INFO  Base3:101 - GB.webRootPath: 
2025-08-27 14:28:09 INFO  Base3:98 - *******************************
2025-08-27 14:28:09 INFO  Base3:99 - Web Base Program Start
2025-08-27 14:28:09 INFO  Base3:100 - GB.exePath: E:/kevin/myCode/pbxSet
2025-08-27 14:28:09 INFO  Base3:101 - GB.webRootPath: 
2025-08-27 14:30:41 INFO  Base3:98 - *******************************
2025-08-27 14:30:41 INFO  Base3:99 - Web Base Program Start
2025-08-27 14:30:41 INFO  Base3:100 - GB.exePath: E:/kevin/myCode/pbxSet
2025-08-27 14:30:41 INFO  Base3:101 - GB.webRootPath: 
2025-08-27 14:32:41 INFO  Base3:98 - *******************************
2025-08-27 14:32:41 INFO  Base3:99 - Web Base Program Start
2025-08-27 14:32:41 INFO  Base3:100 - GB.exePath: E:/kevin/myCode/pbxSet
2025-08-27 14:32:41 INFO  Base3:101 - GB.webRootPath: 
2025-08-27 14:33:38 INFO  Base3:98 - *******************************
2025-08-27 14:33:38 INFO  Base3:99 - Web Base Program Start
2025-08-27 14:33:38 INFO  Base3:100 - GB.exePath: E:/kevin/myCode/pbxSet
2025-08-27 14:33:38 INFO  Base3:101 - GB.webRootPath: 
2025-08-27 14:54:56 INFO  Base3:98 - *******************************
2025-08-27 14:54:56 INFO  Base3:99 - Web Base Program Start
2025-08-27 14:54:56 INFO  Base3:100 - GB.exePath: E:/kevin/myCode/pbxSet
2025-08-27 14:54:56 INFO  Base3:101 - GB.webRootPath: 
2025-08-27 15:00:46 INFO  Base3:98 - *******************************
2025-08-27 15:00:46 INFO  Base3:99 - Web Base Program Start
2025-08-27 15:00:46 INFO  Base3:100 - GB.exePath: E:/kevin/myCode/pbxSet
2025-08-27 15:00:46 INFO  Base3:101 - GB.webRootPath: 
2025-08-27 15:08:56 INFO  Base3:98 - *******************************
2025-08-27 15:08:56 INFO  Base3:99 - Web Base Program Start
2025-08-27 15:08:56 INFO  Base3:100 - GB.exePath: E:/kevin/myCode/pbxSet
2025-08-27 15:08:56 INFO  Base3:101 - GB.webRootPath: 
2025-08-27 15:13:36 INFO  Base3:98 - *******************************
2025-08-27 15:13:36 INFO  Base3:99 - Web Base Program Start
2025-08-27 15:13:36 INFO  Base3:100 - GB.exePath: E:/kevin/myCode/pbxSet
2025-08-27 15:13:36 INFO  Base3:101 - GB.webRootPath: 
2025-08-27 15:19:29 INFO  Base3:98 - *******************************
2025-08-27 15:19:29 INFO  Base3:99 - Web Base Program Start
2025-08-27 15:19:29 INFO  Base3:100 - GB.exePath: E:/kevin/myCode/pbxSet
2025-08-27 15:19:29 INFO  Base3:101 - GB.webRootPath: 
2025-08-27 15:24:19 INFO  Base3:98 - *******************************
2025-08-27 15:24:19 INFO  Base3:99 - Web Base Program Start
2025-08-27 15:24:19 INFO  Base3:100 - GB.exePath: E:/kevin/myCode/pbxSet
2025-08-27 15:24:19 INFO  Base3:101 - GB.webRootPath: 
2025-08-27 15:46:16 INFO  Base3:98 - *******************************
2025-08-27 15:46:16 INFO  Base3:99 - Web Base Program Start
2025-08-27 15:46:16 INFO  Base3:100 - GB.exePath: E:/kevin/myCode/pbxSet
2025-08-27 15:46:16 INFO  Base3:101 - GB.webRootPath: 
2025-08-27 15:47:54 INFO  Base3:98 - *******************************
2025-08-27 15:47:54 INFO  Base3:99 - Web Base Program Start
2025-08-27 15:47:54 INFO  Base3:100 - GB.exePath: E:/kevin/myCode/pbxSet
2025-08-27 15:47:54 INFO  Base3:101 - GB.webRootPath: 
2025-08-27 15:48:36 INFO  Base3:98 - *******************************
2025-08-27 15:48:36 INFO  Base3:99 - Web Base Program Start
2025-08-27 15:48:36 INFO  Base3:100 - GB.exePath: E:/kevin/myCode/pbxSet
2025-08-27 15:48:36 INFO  Base3:101 - GB.webRootPath: 
2025-08-27 15:56:26 INFO  Base3:98 - *******************************
2025-08-27 15:56:26 INFO  Base3:99 - Web Base Program Start
2025-08-27 15:56:26 INFO  Base3:100 - GB.exePath: E:/kevin/myCode/pbxSet
2025-08-27 15:56:26 INFO  Base3:101 - GB.webRootPath: 
2025-08-27 17:15:35 INFO  Base3:98 - *******************************
2025-08-27 17:15:35 INFO  Base3:99 - Web Base Program Start
2025-08-27 17:15:35 INFO  Base3:100 - GB.exePath: E:/kevin/myCode/pbxSet
2025-08-27 17:15:35 INFO  Base3:101 - GB.webRootPath: 
2025-08-27 17:15:58 INFO  Base3:834 - Extension 141 connect to 134.
2025-08-27 17:16:19 INFO  Base3:834 - Extension 141 disconnect.
2025-08-27 17:16:44 INFO  Base3:834 - Extension 141 dial to 134.
2025-08-27 17:16:47 INFO  Base3:834 - Extension 141 connect to 134.
2025-08-27 17:17:59 INFO  Base3:834 - Extension 141 disconnect.
2025-08-28 10:39:26 INFO  Base3:98 - *******************************
2025-08-28 10:39:26 INFO  Base3:99 - Web Base Program Start
2025-08-28 10:39:26 INFO  Base3:100 - GB.exePath: E:/kevin/myCode/pbxSet
2025-08-28 10:39:26 INFO  Base3:101 - GB.webRootPath: 
2025-08-28 10:47:16 INFO  Base3:834 - Extension 141 dial to 128.
2025-08-28 10:47:19 INFO  Base3:834 - Extension 141 connect to 128.
2025-08-28 10:47:23 INFO  Base3:834 - Extension 141 disconnect.
2025-08-28 10:47:32 INFO  Base3:834 - Extension 128 dial to 141.
2025-08-28 10:47:34 INFO  Base3:834 - Extension 128 connect to 141.
2025-08-28 10:50:30 INFO  Base3:98 - *******************************
2025-08-28 10:50:30 INFO  Base3:99 - Web Base Program Start
2025-08-28 10:50:30 INFO  Base3:100 - GB.exePath: E:/kevin/myCode/pbxSet
2025-08-28 10:50:30 INFO  Base3:101 - GB.webRootPath: 
2025-08-28 10:51:51 INFO  Base3:834 - Extension 141 disconnect.
2025-08-28 10:53:15 INFO  Base3:834 - Extension 128 dial to 141.
2025-08-28 10:53:17 INFO  Base3:834 - Extension 128 connect to 141.
2025-08-28 10:53:40 INFO  Base3:834 - Extension 141 disconnect.
2025-08-28 10:53:51 INFO  Base3:834 - Extension 128 dial to 141.
2025-08-28 10:53:53 INFO  Base3:834 - Extension 128 connect to 141.
2025-08-28 11:00:06 INFO  Base3:834 - Extension 141 disconnect.
2025-08-28 11:05:46 INFO  Base3:834 - Extension 131 dial to 141.
2025-08-28 11:05:48 INFO  Base3:834 - Extension 131 connect to 141.
2025-08-28 11:08:40 INFO  Base3:834 - Extension 141 disconnect.
2025-08-28 11:31:17 INFO  Base3:98 - *******************************
2025-08-28 11:31:17 INFO  Base3:99 - Web Base Program Start
2025-08-28 11:31:17 INFO  Base3:100 - GB.exePath: E:/kevin/myCode/pbxSet
2025-08-28 11:31:17 INFO  Base3:101 - GB.webRootPath: 
2025-08-28 11:46:19 INFO  Base3:98 - *******************************
2025-08-28 11:46:19 INFO  Base3:99 - Web Base Program Start
2025-08-28 11:46:19 INFO  Base3:100 - GB.exePath: E:/kevin/myCode/pbxSet
2025-08-28 11:46:19 INFO  Base3:101 - GB.webRootPath: 
2025-09-02 13:23:25 INFO  Base3:98 - *******************************
2025-09-02 13:23:25 INFO  Base3:99 - Web Base Program Start
2025-09-02 13:23:25 INFO  Base3:100 - GB.exePath: E:/kevin/myCode/pbxSet
2025-09-02 13:23:25 INFO  Base3:101 - GB.webRootPath: 
2025-09-02 17:05:43 INFO  Base3:98 - *******************************
2025-09-02 17:05:43 INFO  Base3:99 - Web Base Program Start
2025-09-02 17:05:43 INFO  Base3:100 - GB.exePath: E:/kevin/myCode/pbxSet
2025-09-02 17:05:43 INFO  Base3:101 - GB.webRootPath: 
2025-09-02 17:10:05 INFO  Base3:98 - *******************************
2025-09-02 17:10:05 INFO  Base3:99 - Web Base Program Start
2025-09-02 17:10:05 INFO  Base3:100 - GB.exePath: E:/kevin/myCode/pbxSet
2025-09-02 17:10:05 INFO  Base3:101 - GB.webRootPath: 
2025-09-02 17:33:45 INFO  Base3:98 - *******************************
2025-09-02 17:33:45 INFO  Base3:99 - Web Base Program Start
2025-09-02 17:33:45 INFO  Base3:100 - GB.exePath: E:/kevin/myCode/pbxSet
2025-09-02 17:33:45 INFO  Base3:101 - GB.webRootPath: 
2025-09-02 17:35:25 INFO  Base3:834 - Extension 102 dial to 149.
2025-09-02 17:35:35 INFO  Base3:834 - Extension 102 dial to 149.
2025-09-02 19:23:22 INFO  Base3:834 - Extension 149 disconnect.
2025-09-02 19:24:19 INFO  Base3:834 - Extension 149 dial to 902.
2025-09-02 19:24:38 INFO  Base3:834 - Extension 149 disconnect.
2025-09-03 11:13:30 INFO  Base3:834 - Extension 134 dial to 113.
2025-09-03 11:47:24 INFO  Base3:834 - Extension 149 disconnect.
2025-09-03 11:48:12 INFO  Base3:834 - Extension 149 disconnect.
2025-09-03 11:48:33 INFO  Base3:834 - Extension 102 disconnect.
2025-09-03 11:56:36 INFO  Base3:834 - Extension 102 disconnect.
2025-09-03 12:00:48 INFO  Base3:834 - Extension 149 disconnect.
2025-09-03 12:07:21 INFO  Base3:834 - Extension 102 disconnect.
2025-09-03 12:10:40 INFO  Base3:834 - Extension 102 dial to 149.
2025-09-03 12:10:42 INFO  Base3:834 - Extension 102 connect to 149.
2025-09-03 12:11:29 INFO  Base3:834 - Extension 149 disconnect.
2025-09-03 13:09:43 INFO  Base3:834 - Extension 149 disconnect.
2025-09-03 13:10:30 INFO  Base3:834 - Extension 104 dial to 902.
2025-09-03 13:10:59 INFO  Base3:834 - Extension 104 dial to 150.
2025-09-03 13:11:00 INFO  Base3:834 - Extension 104 connect to 150.
2025-09-03 13:11:11 INFO  Base3:834 - Extension 104 disconnect.
2025-09-03 13:13:08 INFO  Base3:834 - Extension 104 dial to 150.
2025-09-03 13:13:09 INFO  Base3:834 - Extension 104 connect to 150.
2025-09-03 13:13:28 INFO  Base3:834 - Extension 104 disconnect.
2025-09-03 13:15:17 INFO  Base3:834 - Extension 104 dial to 150.
2025-09-03 13:15:18 INFO  Base3:834 - Extension 104 connect to 150.
2025-09-03 13:20:41 INFO  Base3:834 - Extension 104 disconnect.
2025-09-03 13:21:16 INFO  Base3:834 - Extension 149 disconnect.
2025-09-03 13:29:58 INFO  Base3:98 - *******************************
2025-09-03 13:29:58 INFO  Base3:99 - Web Base Program Start
2025-09-03 13:29:58 INFO  Base3:100 - GB.exePath: E:/kevin/myCode/pbxSet
2025-09-03 13:29:58 INFO  Base3:101 - GB.webRootPath: 
2025-09-03 13:46:58 INFO  Base3:834 - Extension 149 disconnect.
2025-09-03 14:14:43 INFO  Base3:98 - *******************************
2025-09-03 14:14:43 INFO  Base3:99 - Web Base Program Start
2025-09-03 14:14:43 INFO  Base3:100 - GB.exePath: E:/kevin/myCode/pbxSet
2025-09-03 14:14:43 INFO  Base3:101 - GB.webRootPath: 
2025-09-03 14:18:45 INFO  Base3:834 - Extension 104 disconnect.
2025-09-03 14:21:05 INFO  Base3:834 - Extension 102 disconnect.
2025-09-03 15:05:55 INFO  Base3:98 - *******************************
2025-09-03 15:05:55 INFO  Base3:99 - Web Base Program Start
2025-09-03 15:05:55 INFO  Base3:100 - GB.exePath: E:/kevin/myCode/pbxSet
2025-09-03 15:05:55 INFO  Base3:101 - GB.webRootPath: 
2025-09-04 13:39:42 INFO  Base3:98 - *******************************
2025-09-04 13:39:42 INFO  Base3:99 - Web Base Program Start
2025-09-04 13:39:42 INFO  Base3:100 - GB.exePath: E:/kevin/myCode/pbxSet
2025-09-04 13:39:42 INFO  Base3:101 - GB.webRootPath: 
2025-09-04 14:00:05 INFO  Base3:98 - *******************************
2025-09-04 14:00:05 INFO  Base3:99 - Web Base Program Start
2025-09-04 14:00:05 INFO  Base3:100 - GB.exePath: E:/kevin/myCode/pbxSet
2025-09-04 14:00:05 INFO  Base3:101 - GB.webRootPath: 
2025-09-04 14:01:51 INFO  Base3:98 - *******************************
2025-09-04 14:01:51 INFO  Base3:99 - Web Base Program Start
2025-09-04 14:01:51 INFO  Base3:100 - GB.exePath: E:/kevin/myCode/pbxSet
2025-09-04 14:01:51 INFO  Base3:101 - GB.webRootPath: 
2025-09-04 14:02:06 INFO  Base3:98 - *******************************
2025-09-04 14:02:06 INFO  Base3:99 - Web Base Program Start
2025-09-04 14:02:06 INFO  Base3:100 - GB.exePath: E:/kevin/myCode/pbxSet
2025-09-04 14:02:06 INFO  Base3:101 - GB.webRootPath: 
2025-09-04 14:21:56 INFO  Base3:98 - *******************************
2025-09-04 14:21:56 INFO  Base3:99 - Web Base Program Start
2025-09-04 14:21:56 INFO  Base3:100 - GB.exePath: E:/kevin/myCode/pbxSet
2025-09-04 14:21:56 INFO  Base3:101 - GB.webRootPath: 
2025-09-04 14:25:43 INFO  Base3:98 - *******************************
2025-09-04 14:25:43 INFO  Base3:99 - Web Base Program Start
2025-09-04 14:25:43 INFO  Base3:100 - GB.exePath: E:/kevin/myCode/pbxSet
2025-09-04 14:25:43 INFO  Base3:101 - GB.webRootPath: 
2025-10-08 16:42:04 INFO  Base3:98 - *******************************
2025-10-08 16:42:04 INFO  Base3:99 - Web Base Program Start
2025-10-08 16:42:04 INFO  Base3:100 - GB.exePath: E:/kevin/myCode/webSet/pbxSet
2025-10-08 16:42:04 INFO  Base3:101 - GB.webRootPath: 
2025-10-08 16:43:35 INFO  Base3:98 - *******************************
2025-10-08 16:43:35 INFO  Base3:99 - Web Base Program Start
2025-10-08 16:43:35 INFO  Base3:100 - GB.exePath: E:/kevin/myCode/webSet/pbxSet
2025-10-08 16:43:35 INFO  Base3:101 - GB.webRootPath: 
2025-10-08 16:58:57 INFO  Base3:98 - *******************************
2025-10-08 16:58:57 INFO  Base3:99 - Web Base Program Start
2025-10-08 16:58:57 INFO  Base3:100 - GB.exePath: E:/kevin/myCode/webSet/pbxSet
2025-10-08 16:58:57 INFO  Base3:101 - GB.webRootPath: 
2025-10-08 17:23:50 INFO  Base3:98 - *******************************
2025-10-08 17:23:50 INFO  Base3:99 - Web Base Program Start
2025-10-08 17:23:50 INFO  Base3:100 - GB.exePath: E:/kevin/myCode/webSet/pbxSet
2025-10-08 17:23:50 INFO  Base3:101 - GB.webRootPath: 
2025-10-08 18:58:19 INFO  Base3:98 - *******************************
2025-10-08 18:58:19 INFO  Base3:99 - Web Base Program Start
2025-10-08 18:58:19 INFO  Base3:100 - GB.exePath: E:/kevin/myCode/webSet/pbxSet
2025-10-08 18:58:19 INFO  Base3:101 - GB.webRootPath: 
2025-10-08 19:06:20 INFO  Base3:98 - *******************************
2025-10-08 19:06:20 INFO  Base3:99 - Web Base Program Start
2025-10-08 19:06:20 INFO  Base3:100 - GB.exePath: E:/kevin/myCode/webSet/pbxSet
2025-10-08 19:06:20 INFO  Base3:101 - GB.webRootPath: 
2025-10-08 19:11:32 INFO  Base3:98 - *******************************
2025-10-08 19:11:32 INFO  Base3:99 - Web Base Program Start
2025-10-08 19:11:32 INFO  Base3:100 - GB.exePath: E:/kevin/myCode/webSet/pbxSet
2025-10-08 19:11:32 INFO  Base3:101 - GB.webRootPath: 
2025-10-08 19:13:05 INFO  Base3:98 - *******************************
2025-10-08 19:13:05 INFO  Base3:99 - Web Base Program Start
2025-10-08 19:13:05 INFO  Base3:100 - GB.exePath: E:/kevin/myCode/webSet/pbxSet
2025-10-08 19:13:05 INFO  Base3:101 - GB.webRootPath: 
2025-10-08 19:19:03 INFO  Base3:98 - *******************************
2025-10-08 19:19:03 INFO  Base3:99 - Web Base Program Start
2025-10-08 19:19:03 INFO  Base3:100 - GB.exePath: E:/kevin/myCode/webSet/pbxSet
2025-10-08 19:19:03 INFO  Base3:101 - GB.webRootPath: 
2025-10-08 19:28:28 INFO  Base3:98 - *******************************
2025-10-08 19:28:28 INFO  Base3:99 - Web Base Program Start
2025-10-08 19:28:28 INFO  Base3:100 - GB.exePath: E:/kevin/myCode/webSet/pbxSet
2025-10-08 19:28:28 INFO  Base3:101 - GB.webRootPath: 
2025-10-08 19:29:22 INFO  Base3:98 - *******************************
2025-10-08 19:29:22 INFO  Base3:99 - Web Base Program Start
2025-10-08 19:29:22 INFO  Base3:100 - GB.exePath: E:/kevin/myCode/webSet/pbxSet
2025-10-08 19:29:22 INFO  Base3:101 - GB.webRootPath: 
2025-10-08 19:30:48 INFO  Base3:98 - *******************************
2025-10-08 19:30:48 INFO  Base3:99 - Web Base Program Start
2025-10-08 19:30:48 INFO  Base3:100 - GB.exePath: E:/kevin/myCode/webSet/pbxSet
2025-10-08 19:30:48 INFO  Base3:101 - GB.webRootPath: 
2025-10-08 19:32:10 INFO  Base3:98 - *******************************
2025-10-08 19:32:10 INFO  Base3:99 - Web Base Program Start
2025-10-08 19:32:10 INFO  Base3:100 - GB.exePath: E:/kevin/myCode/webSet/pbxSet
2025-10-08 19:32:10 INFO  Base3:101 - GB.webRootPath: 
2025-10-08 19:35:17 INFO  Base3:98 - *******************************
2025-10-08 19:35:17 INFO  Base3:99 - Web Base Program Start
2025-10-08 19:35:17 INFO  Base3:100 - GB.exePath: E:/kevin/myCode/webSet/pbxSet
2025-10-08 19:35:17 INFO  Base3:101 - GB.webRootPath: 
2025-10-08 19:36:12 INFO  Base3:98 - *******************************
2025-10-08 19:36:12 INFO  Base3:99 - Web Base Program Start
2025-10-08 19:36:12 INFO  Base3:100 - GB.exePath: E:/kevin/myCode/webSet/pbxSet
2025-10-08 19:36:12 INFO  Base3:101 - GB.webRootPath: 
2025-10-08 19:39:43 INFO  Base3:98 - *******************************
2025-10-08 19:39:43 INFO  Base3:99 - Web Base Program Start
2025-10-08 19:39:43 INFO  Base3:100 - GB.exePath: E:/kevin/myCode/webSet/pbxSet
2025-10-08 19:39:43 INFO  Base3:101 - GB.webRootPath: 
2025-10-08 19:41:40 INFO  Base3:98 - *******************************
2025-10-08 19:41:40 INFO  Base3:99 - Web Base Program Start
2025-10-08 19:41:40 INFO  Base3:100 - GB.exePath: E:/kevin/myCode/webSet/pbxSet
2025-10-08 19:41:40 INFO  Base3:101 - GB.webRootPath: 
2025-10-09 11:40:52 INFO  Base3:98 - *******************************
2025-10-09 11:40:52 INFO  Base3:99 - Web Base Program Start
2025-10-09 11:40:52 INFO  Base3:100 - GB.exePath: E:/kevin/myCode/webSet/pbxSet
2025-10-09 11:40:52 INFO  Base3:101 - GB.webRootPath: 
2025-10-09 11:41:05 INFO  Base3:98 - *******************************
2025-10-09 11:41:05 INFO  Base3:99 - Web Base Program Start
2025-10-09 11:41:05 INFO  Base3:100 - GB.exePath: E:/kevin/myCode/webSet/pbxSet
2025-10-09 11:41:05 INFO  Base3:101 - GB.webRootPath: 
2025-10-09 17:29:56 INFO  Base3:98 - *******************************
2025-10-09 17:29:56 INFO  Base3:99 - Web Base Program Start
2025-10-09 17:29:56 INFO  Base3:100 - GB.exePath: E:/kevin/myCode/webSet/pbxSet
2025-10-09 17:29:56 INFO  Base3:101 - GB.webRootPath: 
2025-10-09 17:31:28 INFO  Base3:98 - *******************************
2025-10-09 17:31:28 INFO  Base3:99 - Web Base Program Start
2025-10-09 17:31:28 INFO  Base3:100 - GB.exePath: E:/kevin/myCode/webSet/pbxSet
2025-10-09 17:31:28 INFO  Base3:101 - GB.webRootPath: 
2025-10-09 17:44:56 INFO  Base3:98 - *******************************
2025-10-09 17:44:56 INFO  Base3:99 - Web Base Program Start
2025-10-09 17:44:56 INFO  Base3:100 - GB.exePath: E:/kevin/myCode/webSet/pbxSet
2025-10-09 17:44:56 INFO  Base3:101 - GB.webRootPath: 
2025-10-09 17:46:20 INFO  Base3:98 - *******************************
2025-10-09 17:46:20 INFO  Base3:99 - Web Base Program Start
2025-10-09 17:46:20 INFO  Base3:100 - GB.exePath: E:/kevin/myCode/webSet/pbxSet
2025-10-09 17:46:20 INFO  Base3:101 - GB.webRootPath: 
2025-10-09 17:50:19 INFO  Base3:98 - *******************************
2025-10-09 17:50:19 INFO  Base3:99 - Web Base Program Start
2025-10-09 17:50:19 INFO  Base3:100 - GB.exePath: E:/kevin/myCode/webSet/pbxSet
2025-10-09 17:50:19 INFO  Base3:101 - GB.webRootPath: 
2025-10-09 17:56:15 INFO  Base3:98 - *******************************
2025-10-09 17:56:15 INFO  Base3:99 - Web Base Program Start
2025-10-09 17:56:15 INFO  Base3:100 - GB.exePath: E:/kevin/myCode/webSet/pbxSet
2025-10-09 17:56:15 INFO  Base3:101 - GB.webRootPath: 
2025-10-09 18:20:29 INFO  Base3:98 - *******************************
2025-10-09 18:20:29 INFO  Base3:99 - Web Base Program Start
2025-10-09 18:20:29 INFO  Base3:100 - GB.exePath: E:/kevin/myCode/webSet/pbxSet
2025-10-09 18:20:29 INFO  Base3:101 - GB.webRootPath: 
2025-10-09 18:21:11 INFO  Base3:98 - *******************************
2025-10-09 18:21:11 INFO  Base3:99 - Web Base Program Start
2025-10-09 18:21:11 INFO  Base3:100 - GB.exePath: E:/kevin/myCode/webSet/pbxSet
2025-10-09 18:21:11 INFO  Base3:101 - GB.webRootPath: 
2025-10-09 18:29:08 INFO  Base3:98 - *******************************
2025-10-09 18:29:08 INFO  Base3:99 - Web Base Program Start
2025-10-09 18:29:08 INFO  Base3:100 - GB.exePath: E:/kevin/myCode/webSet/pbxSet
2025-10-09 18:29:08 INFO  Base3:101 - GB.webRootPath: 
2025-10-09 18:30:53 INFO  Base3:98 - *******************************
2025-10-09 18:30:53 INFO  Base3:99 - Web Base Program Start
2025-10-09 18:30:53 INFO  Base3:100 - GB.exePath: E:/kevin/myCode/webSet/pbxSet
2025-10-09 18:30:53 INFO  Base3:101 - GB.webRootPath: 
2025-10-09 21:07:59 INFO  Base3:98 - *******************************
2025-10-09 21:07:59 INFO  Base3:99 - Web Base Program Start
2025-10-09 21:07:59 INFO  Base3:100 - GB.exePath: E:/kevin/myCode/webSet/pbxSet
2025-10-09 21:07:59 INFO  Base3:101 - GB.webRootPath: 
2025-10-09 21:16:36 INFO  Base3:98 - *******************************
2025-10-09 21:16:36 INFO  Base3:99 - Web Base Program Start
2025-10-09 21:16:36 INFO  Base3:100 - GB.exePath: E:/kevin/myCode/webSet/pbxSet
2025-10-09 21:16:36 INFO  Base3:101 - GB.webRootPath: 
2025-10-09 21:17:26 INFO  Base3:98 - *******************************
2025-10-09 21:17:26 INFO  Base3:99 - Web Base Program Start
2025-10-09 21:17:26 INFO  Base3:100 - GB.exePath: E:/kevin/myCode/webSet/pbxSet
2025-10-09 21:17:26 INFO  Base3:101 - GB.webRootPath: 
2025-10-10 11:13:44 INFO  Base3:98 - *******************************
2025-10-10 11:13:44 INFO  Base3:99 - Web Base Program Start
2025-10-10 11:13:44 INFO  Base3:100 - GB.exePath: E:/kevin/myCode/webSet/pbxSet
2025-10-10 11:13:44 INFO  Base3:101 - GB.webRootPath: 
2025-10-10 11:17:40 INFO  Base3:98 - *******************************
2025-10-10 11:17:40 INFO  Base3:99 - Web Base Program Start
2025-10-10 11:17:40 INFO  Base3:100 - GB.exePath: E:/kevin/myCode/webSet/pbxSet
2025-10-10 11:17:40 INFO  Base3:101 - GB.webRootPath: 
2025-10-10 11:27:16 INFO  Base3:98 - *******************************
2025-10-10 11:27:16 INFO  Base3:99 - Web Base Program Start
2025-10-10 11:27:16 INFO  Base3:100 - GB.exePath: E:/kevin/myCode/webSet/pbxSet
2025-10-10 11:27:16 INFO  Base3:101 - GB.webRootPath: 
2025-10-10 11:28:00 INFO  Base3:98 - *******************************
2025-10-10 11:28:00 INFO  Base3:99 - Web Base Program Start
2025-10-10 11:28:00 INFO  Base3:100 - GB.exePath: E:/kevin/myCode/webSet/pbxSet
2025-10-10 11:28:00 INFO  Base3:101 - GB.webRootPath: 
2025-10-10 11:29:43 INFO  Base3:98 - *******************************
2025-10-10 11:29:43 INFO  Base3:99 - Web Base Program Start
2025-10-10 11:29:43 INFO  Base3:100 - GB.exePath: E:/kevin/myCode/webSet/pbxSet
2025-10-10 11:29:43 INFO  Base3:101 - GB.webRootPath: 
2025-10-10 11:31:20 INFO  Base3:98 - *******************************
2025-10-10 11:31:20 INFO  Base3:99 - Web Base Program Start
2025-10-10 11:31:20 INFO  Base3:100 - GB.exePath: E:/kevin/myCode/webSet/pbxSet
2025-10-10 11:31:20 INFO  Base3:101 - GB.webRootPath: 
2025-10-10 12:57:49 INFO  Base3:98 - *******************************
2025-10-10 12:57:49 INFO  Base3:99 - Web Base Program Start
2025-10-10 12:57:49 INFO  Base3:100 - GB.exePath: E:/kevin/myCode/webSet/pbxSet
2025-10-10 12:57:49 INFO  Base3:101 - GB.webRootPath: 
2025-10-10 13:12:36 INFO  Base3:98 - *******************************
2025-10-10 13:12:36 INFO  Base3:99 - Web Base Program Start
2025-10-10 13:12:36 INFO  Base3:100 - GB.exePath: E:/kevin/myCode/webSet/pbxSet
2025-10-10 13:12:36 INFO  Base3:101 - GB.webRootPath: 
2025-10-10 13:36:27 INFO  Base3:98 - *******************************
2025-10-10 13:36:27 INFO  Base3:99 - Web Base Program Start
2025-10-10 13:36:27 INFO  Base3:100 - GB.exePath: E:/kevin/myCode/webSet/pbxSet
2025-10-10 13:36:27 INFO  Base3:101 - GB.webRootPath: 
2025-10-10 13:47:48 INFO  Base3:98 - *******************************
2025-10-10 13:47:48 INFO  Base3:99 - Web Base Program Start
2025-10-10 13:47:48 INFO  Base3:100 - GB.exePath: E:/kevin/myCode/webSet/pbxSet
2025-10-10 13:47:48 INFO  Base3:101 - GB.webRootPath: 
2025-10-10 13:54:07 INFO  Base3:98 - *******************************
2025-10-10 13:54:07 INFO  Base3:99 - Web Base Program Start
2025-10-10 13:54:07 INFO  Base3:100 - GB.exePath: E:/kevin/myCode/webSet/pbxSet
2025-10-10 13:54:07 INFO  Base3:101 - GB.webRootPath: 
2025-10-10 14:09:38 INFO  Base3:98 - *******************************
2025-10-10 14:09:38 INFO  Base3:99 - Web Base Program Start
2025-10-10 14:09:38 INFO  Base3:100 - GB.exePath: E:/kevin/myCode/webSet/pbxSet
2025-10-10 14:09:38 INFO  Base3:101 - GB.webRootPath: 
2025-10-10 14:23:32 INFO  Base3:98 - *******************************
2025-10-10 14:23:32 INFO  Base3:99 - Web Base Program Start
2025-10-10 14:23:32 INFO  Base3:100 - GB.exePath: E:/kevin/myCode/webSet/pbxSet
2025-10-10 14:23:32 INFO  Base3:101 - GB.webRootPath: 
2025-10-10 14:25:29 INFO  Base3:98 - *******************************
2025-10-10 14:25:29 INFO  Base3:99 - Web Base Program Start
2025-10-10 14:25:29 INFO  Base3:100 - GB.exePath: E:/kevin/myCode/webSet/pbxSet
2025-10-10 14:25:29 INFO  Base3:101 - GB.webRootPath: 
2025-10-10 14:35:39 INFO  Base3:98 - *******************************
2025-10-10 14:35:39 INFO  Base3:99 - Web Base Program Start
2025-10-10 14:35:39 INFO  Base3:100 - GB.exePath: E:/kevin/myCode/webSet/pbxSet
2025-10-10 14:35:39 INFO  Base3:101 - GB.webRootPath: 
2025-10-10 15:06:43 INFO  Base3:98 - *******************************
2025-10-10 15:06:43 INFO  Base3:99 - Web Base Program Start
2025-10-10 15:06:43 INFO  Base3:100 - GB.exePath: E:/kevin/myCode/webSet/pbxSet
2025-10-10 15:06:43 INFO  Base3:101 - GB.webRootPath: 
2025-10-10 15:07:02 INFO  Base3:863 - Extension 147 disconnect.
2025-10-10 15:09:27 INFO  Base3:98 - *******************************
2025-10-10 15:09:27 INFO  Base3:99 - Web Base Program Start
2025-10-10 15:09:27 INFO  Base3:100 - GB.exePath: E:/kevin/myCode/webSet/pbxSet
2025-10-10 15:09:27 INFO  Base3:101 - GB.webRootPath: 
2025-10-10 15:14:24 INFO  Base3:863 - Extension 161 dial to 147.
2025-10-10 15:14:27 INFO  Base3:863 - Extension 161 connect to 147.
2025-10-10 15:21:20 INFO  Base3:863 - Extension 147 disconnect.
2025-10-10 15:23:54 INFO  Base3:863 - Extension 147 dial to 144.
2025-10-10 15:23:55 INFO  Base3:863 - Extension 147 connect to 144.
2025-10-10 15:26:49 INFO  Base3:863 - Extension 147 disconnect.
2025-10-10 15:33:38 INFO  Base3:863 - Extension 147 disconnect.
2025-10-10 15:54:52 INFO  Base3:98 - *******************************
2025-10-10 15:54:52 INFO  Base3:99 - Web Base Program Start
2025-10-10 15:54:52 INFO  Base3:100 - GB.exePath: E:/kevin/myCode/webSet/pbxSet
2025-10-10 15:54:52 INFO  Base3:101 - GB.webRootPath: 
2025-10-10 15:57:20 INFO  Base3:98 - *******************************
2025-10-10 15:57:20 INFO  Base3:99 - Web Base Program Start
2025-10-10 15:57:20 INFO  Base3:100 - GB.exePath: E:/kevin/myCode/webSet/pbxSet
2025-10-10 15:57:20 INFO  Base3:101 - GB.webRootPath: 
2025-10-10 16:11:11 INFO  Base3:98 - *******************************
2025-10-10 16:11:11 INFO  Base3:99 - Web Base Program Start
2025-10-10 16:11:11 INFO  Base3:100 - GB.exePath: E:/kevin/myCode/webSet/pbxSet
2025-10-10 16:11:11 INFO  Base3:101 - GB.webRootPath: 
2025-10-10 16:28:23 INFO  Base3:98 - *******************************
2025-10-10 16:28:23 INFO  Base3:99 - Web Base Program Start
2025-10-10 16:28:23 INFO  Base3:100 - GB.exePath: E:/kevin/myCode/webSet/pbxSet
2025-10-10 16:28:23 INFO  Base3:101 - GB.webRootPath: 
2025-10-10 16:33:35 INFO  Base3:98 - *******************************
2025-10-10 16:33:35 INFO  Base3:99 - Web Base Program Start
2025-10-10 16:33:35 INFO  Base3:100 - GB.exePath: E:/kevin/myCode/webSet/pbxSet
2025-10-10 16:33:35 INFO  Base3:101 - GB.webRootPath: 
2025-10-10 16:40:41 INFO  Base3:98 - *******************************
2025-10-10 16:40:41 INFO  Base3:99 - Web Base Program Start
2025-10-10 16:40:41 INFO  Base3:100 - GB.exePath: E:/kevin/myCode/webSet/pbxSet
2025-10-10 16:40:41 INFO  Base3:101 - GB.webRootPath: 
2025-10-10 16:49:53 INFO  Base3:864 - Extension 147 disconnect.
2025-10-10 16:57:20 INFO  Base3:864 - Extension 147 dial to 161.
2025-10-10 16:57:22 INFO  Base3:864 - Extension 147 connect to 161.
2025-10-10 17:01:14 INFO  Base3:864 - Extension 147 disconnect.
2025-10-10 17:01:55 INFO  Base3:864 - Extension 147 dial to 161.
2025-10-10 17:01:57 INFO  Base3:864 - Extension 147 connect to 161.
2025-10-10 17:03:42 INFO  Base3:864 - Extension 147 disconnect.
2025-10-10 17:03:45 INFO  Base3:864 - Extension 125 dial to 161.
2025-10-10 17:03:47 INFO  Base3:864 - Extension 125 connect to 161.
2025-10-10 17:05:33 INFO  Base3:864 - Extension 125 disconnect.
2025-10-10 17:35:57 INFO  Base3:864 - Extension 134 dial to 125.
2025-10-10 17:36:10 INFO  Base3:864 - Extension 134 disconnect.
2025-10-10 17:46:08 INFO  Base3:864 - Extension 147 dial to 134.
2025-10-10 17:46:09 INFO  Base3:864 - Extension 147 connect to 134.
2025-10-10 17:46:20 INFO  Base3:864 - Extension 147 disconnect.
2025-10-10 17:54:30 INFO  Base3:864 - Extension 125 dial to 161.
2025-10-10 17:54:32 INFO  Base3:864 - Extension 125 connect to 161.
2025-10-10 17:55:58 INFO  Base3:864 - Extension 125 disconnect.
2025-10-10 18:56:20 INFO  Base3:98 - *******************************
2025-10-10 18:56:20 INFO  Base3:99 - Web Base Program Start
2025-10-10 18:56:20 INFO  Base3:100 - GB.exePath: E:/kevin/myCode/webSet/pbxSet
2025-10-10 18:56:20 INFO  Base3:101 - GB.webRootPath: 
2025-10-10 18:59:11 INFO  Base3:98 - *******************************
2025-10-10 18:59:11 INFO  Base3:99 - Web Base Program Start
2025-10-10 18:59:11 INFO  Base3:100 - GB.exePath: E:/kevin/myCode/webSet/pbxSet
2025-10-10 18:59:11 INFO  Base3:101 - GB.webRootPath: 
2025-10-10 19:10:43 INFO  Base3:98 - *******************************
2025-10-10 19:10:43 INFO  Base3:99 - Web Base Program Start
2025-10-10 19:10:43 INFO  Base3:100 - GB.exePath: E:/kevin/myCode/webSet/pbxSet
2025-10-10 19:10:43 INFO  Base3:101 - GB.webRootPath: 
2025-10-10 19:15:17 INFO  Base3:98 - *******************************
2025-10-10 19:15:17 INFO  Base3:99 - Web Base Program Start
2025-10-10 19:15:17 INFO  Base3:100 - GB.exePath: E:/kevin/myCode/webSet/pbxSet
2025-10-10 19:15:17 INFO  Base3:101 - GB.webRootPath: 
2025-10-10 19:19:47 INFO  Base3:98 - *******************************
2025-10-10 19:19:47 INFO  Base3:99 - Web Base Program Start
2025-10-10 19:19:47 INFO  Base3:100 - GB.exePath: E:/kevin/myCode/webSet/pbxSet
2025-10-10 19:19:47 INFO  Base3:101 - GB.webRootPath: 
2025-10-10 19:23:55 INFO  Base3:98 - *******************************
2025-10-10 19:23:55 INFO  Base3:99 - Web Base Program Start
2025-10-10 19:23:55 INFO  Base3:100 - GB.exePath: E:/kevin/myCode/webSet/pbxSet
2025-10-10 19:23:55 INFO  Base3:101 - GB.webRootPath: 
2025-10-10 19:24:59 INFO  Base3:98 - *******************************
2025-10-10 19:24:59 INFO  Base3:99 - Web Base Program Start
2025-10-10 19:24:59 INFO  Base3:100 - GB.exePath: E:/kevin/myCode/webSet/pbxSet
2025-10-10 19:24:59 INFO  Base3:101 - GB.webRootPath: 
2025-10-10 19:27:08 INFO  Base3:98 - *******************************
2025-10-10 19:27:08 INFO  Base3:99 - Web Base Program Start
2025-10-10 19:27:08 INFO  Base3:100 - GB.exePath: E:/kevin/myCode/webSet/pbxSet
2025-10-10 19:27:08 INFO  Base3:101 - GB.webRootPath: 
2025-10-11 12:11:17 INFO  Base3:98 - *******************************
2025-10-11 12:11:17 INFO  Base3:99 - Web Base Program Start
2025-10-11 12:11:17 INFO  Base3:100 - GB.exePath: E:/kevin/myCode/webSet/pbxSet
2025-10-11 12:11:17 INFO  Base3:101 - GB.webRootPath: 
2025-10-11 13:10:21 INFO  Base3:98 - *******************************
2025-10-11 13:10:21 INFO  Base3:99 - Web Base Program Start
2025-10-11 13:10:21 INFO  Base3:100 - GB.exePath: E:/kevin/myCode/webSet/pbxSet
2025-10-11 13:10:21 INFO  Base3:101 - GB.webRootPath: 
2025-10-11 13:10:59 INFO  Base3:98 - *******************************
2025-10-11 13:10:59 INFO  Base3:99 - Web Base Program Start
2025-10-11 13:10:59 INFO  Base3:100 - GB.exePath: E:/kevin/myCode/webSet/pbxSet
2025-10-11 13:10:59 INFO  Base3:101 - GB.webRootPath: 
2025-10-11 13:13:16 INFO  Base3:98 - *******************************
2025-10-11 13:13:16 INFO  Base3:99 - Web Base Program Start
2025-10-11 13:13:16 INFO  Base3:100 - GB.exePath: E:/kevin/myCode/webSet/pbxSet
2025-10-11 13:13:16 INFO  Base3:101 - GB.webRootPath: 
2025-10-11 13:13:42 INFO  Base3:98 - *******************************
2025-10-11 13:13:42 INFO  Base3:99 - Web Base Program Start
2025-10-11 13:13:42 INFO  Base3:100 - GB.exePath: E:/kevin/myCode/webSet/pbxSet
2025-10-11 13:13:42 INFO  Base3:101 - GB.webRootPath: 
2025-10-12 18:26:46 INFO  Base3:98 - *******************************
2025-10-12 18:26:46 INFO  Base3:99 - Web Base Program Start
2025-10-12 18:26:46 INFO  Base3:100 - GB.exePath: E:/kevin/myCode/webSet/pbxSet
2025-10-12 18:26:46 INFO  Base3:101 - GB.webRootPath: 
2025-10-12 18:28:03 INFO  Base3:98 - *******************************
2025-10-12 18:28:03 INFO  Base3:99 - Web Base Program Start
2025-10-12 18:28:03 INFO  Base3:100 - GB.exePath: E:/kevin/myCode/webSet/pbxSet
2025-10-12 18:28:03 INFO  Base3:101 - GB.webRootPath: 
2025-10-13 09:51:48 INFO  Base3:98 - *******************************
2025-10-13 09:51:48 INFO  Base3:99 - Web Base Program Start
2025-10-13 09:51:48 INFO  Base3:100 - GB.exePath: E:/kevin/myCode/webSet/pbxSet
2025-10-13 09:51:48 INFO  Base3:101 - GB.webRootPath: 
2025-10-13 09:52:02 INFO  Base3:905 - Extension 106 disconnect.
2025-10-13 09:55:26 INFO  Base3:98 - *******************************
2025-10-13 09:55:26 INFO  Base3:99 - Web Base Program Start
2025-10-13 09:55:26 INFO  Base3:100 - GB.exePath: E:/kevin/myCode/webSet/pbxSet
2025-10-13 09:55:26 INFO  Base3:101 - GB.webRootPath: 
2025-10-13 09:56:23 INFO  Base3:98 - *******************************
2025-10-13 09:56:23 INFO  Base3:99 - Web Base Program Start
2025-10-13 09:56:23 INFO  Base3:100 - GB.exePath: E:/kevin/myCode/webSet/pbxSet
2025-10-13 09:56:23 INFO  Base3:101 - GB.webRootPath: 
2025-10-13 10:00:00 INFO  Base3:98 - *******************************
2025-10-13 10:00:00 INFO  Base3:99 - Web Base Program Start
2025-10-13 10:00:00 INFO  Base3:100 - GB.exePath: E:/kevin/myCode/webSet/pbxSet
2025-10-13 10:00:00 INFO  Base3:101 - GB.webRootPath: 
2025-10-13 10:00:12 INFO  Base3:910 - Extension 106 disconnect.
2025-10-13 10:04:23 INFO  Base3:910 - Extension 161 dial to 147.
2025-10-13 10:04:24 INFO  Base3:910 - Extension 161 connect to 147.
2025-10-13 10:08:24 INFO  Base3:910 - Extension 147 disconnect.
2025-10-13 10:08:28 INFO  Base3:910 - Extension 161 dial to 147.
2025-10-13 10:08:30 INFO  Base3:910 - Extension 161 connect to 147.
2025-10-13 10:08:48 INFO  Base3:98 - *******************************
2025-10-13 10:08:48 INFO  Base3:99 - Web Base Program Start
2025-10-13 10:08:48 INFO  Base3:100 - GB.exePath: E:/kevin/myCode/webSet/pbxSet
2025-10-13 10:08:48 INFO  Base3:101 - GB.webRootPath: 
2025-10-13 10:09:02 INFO  Base3:910 - Extension 106 disconnect.
2025-10-13 14:44:22 INFO  Base3:98 - *******************************
2025-10-13 14:44:22 INFO  Base3:99 - Web Base Program Start
2025-10-13 14:44:22 INFO  Base3:100 - GB.exePath: E:/kevin/myCode/webSet/pbxSet
2025-10-13 14:44:22 INFO  Base3:101 - GB.webRootPath: 
2025-10-13 14:48:01 INFO  Base3:98 - *******************************
2025-10-13 14:48:01 INFO  Base3:99 - Web Base Program Start
2025-10-13 14:48:01 INFO  Base3:100 - GB.exePath: E:/kevin/myCode/webSet/pbxSet
2025-10-13 14:48:01 INFO  Base3:101 - GB.webRootPath: 
2025-10-13 14:57:40 INFO  Base3:98 - *******************************
2025-10-13 14:57:40 INFO  Base3:99 - Web Base Program Start
2025-10-13 14:57:40 INFO  Base3:100 - GB.exePath: E:/kevin/myCode/webSet/pbxSet
2025-10-13 14:57:40 INFO  Base3:101 - GB.webRootPath: 
2025-10-13 15:44:53 INFO  Base3:98 - *******************************
2025-10-13 15:44:53 INFO  Base3:99 - Web Base Program Start
2025-10-13 15:44:53 INFO  Base3:100 - GB.exePath: E:/kevin/myCode/webSet/pbxSet
2025-10-13 15:44:53 INFO  Base3:101 - GB.webRootPath: 
2025-10-13 20:41:23 INFO  Base3:98 - *******************************
2025-10-13 20:41:23 INFO  Base3:99 - Web Base Program Start
2025-10-13 20:41:23 INFO  Base3:100 - GB.exePath: E:/kevin/myCode/webSet/pbxSet
2025-10-13 20:41:23 INFO  Base3:101 - GB.webRootPath: 
2025-10-13 20:46:35 INFO  Base3:98 - *******************************
2025-10-13 20:46:35 INFO  Base3:99 - Web Base Program Start
2025-10-13 20:46:35 INFO  Base3:100 - GB.exePath: E:/kevin/myCode/webSet/pbxSet
2025-10-13 20:46:35 INFO  Base3:101 - GB.webRootPath: 
2025-10-13 20:50:17 INFO  Base3:98 - *******************************
2025-10-13 20:50:17 INFO  Base3:99 - Web Base Program Start
2025-10-13 20:50:17 INFO  Base3:100 - GB.exePath: E:/kevin/myCode/webSet/pbxSet
2025-10-13 20:50:17 INFO  Base3:101 - GB.webRootPath: 
2025-10-14 13:04:03 INFO  Base3:98 - *******************************
2025-10-14 13:04:03 INFO  Base3:99 - Web Base Program Start
2025-10-14 13:04:03 INFO  Base3:100 - GB.exePath: E:/kevin/myCode/webSet/pbxSet
2025-10-14 13:04:03 INFO  Base3:101 - GB.webRootPath: 
2025-10-14 13:06:36 INFO  Base3:98 - *******************************
2025-10-14 13:06:36 INFO  Base3:99 - Web Base Program Start
2025-10-14 13:06:36 INFO  Base3:100 - GB.exePath: E:/kevin/myCode/webSet/pbxSet
2025-10-14 13:06:36 INFO  Base3:101 - GB.webRootPath: 
2025-10-14 14:41:47 INFO  Base3:98 - *******************************
2025-10-14 14:41:47 INFO  Base3:99 - Web Base Program Start
2025-10-14 14:41:47 INFO  Base3:100 - GB.exePath: E:/kevin/myCode/webSet/pbxSet
2025-10-14 14:41:47 INFO  Base3:101 - GB.webRootPath: 
2025-10-14 15:00:16 INFO  Base3:98 - *******************************
2025-10-14 15:00:16 INFO  Base3:99 - Web Base Program Start
2025-10-14 15:00:16 INFO  Base3:100 - GB.exePath: E:/kevin/myCode/webSet/pbxSet
2025-10-14 15:00:16 INFO  Base3:101 - GB.webRootPath: 
2025-10-14 15:17:58 INFO  Base3:98 - *******************************
2025-10-14 15:17:58 INFO  Base3:99 - Web Base Program Start
2025-10-14 15:17:58 INFO  Base3:100 - GB.exePath: E:/kevin/myCode/webSet/pbxSet
2025-10-14 15:17:58 INFO  Base3:101 - GB.webRootPath: 
2025-10-14 15:30:49 INFO  Base3:98 - *******************************
2025-10-14 15:30:49 INFO  Base3:99 - Web Base Program Start
2025-10-14 15:30:49 INFO  Base3:100 - GB.exePath: E:/kevin/myCode/webSet/pbxSet
2025-10-14 15:30:49 INFO  Base3:101 - GB.webRootPath: 
2025-10-14 15:39:09 INFO  Base3:98 - *******************************
2025-10-14 15:39:09 INFO  Base3:99 - Web Base Program Start
2025-10-14 15:39:09 INFO  Base3:100 - GB.exePath: E:/kevin/myCode/webSet/pbxSet
2025-10-14 15:39:09 INFO  Base3:101 - GB.webRootPath: 
2025-10-14 15:41:00 INFO  Base3:98 - *******************************
2025-10-14 15:41:00 INFO  Base3:99 - Web Base Program Start
2025-10-14 15:41:00 INFO  Base3:100 - GB.exePath: E:/kevin/myCode/webSet/pbxSet
2025-10-14 15:41:00 INFO  Base3:101 - GB.webRootPath: 
2025-10-14 15:42:40 INFO  Base3:98 - *******************************
2025-10-14 15:42:40 INFO  Base3:99 - Web Base Program Start
2025-10-14 15:42:40 INFO  Base3:100 - GB.exePath: E:/kevin/myCode/webSet/pbxSet
2025-10-14 15:42:40 INFO  Base3:101 - GB.webRootPath: 
2025-10-14 15:57:55 INFO  Base3:98 - *******************************
2025-10-14 15:57:55 INFO  Base3:99 - Web Base Program Start
2025-10-14 15:57:55 INFO  Base3:100 - GB.exePath: E:/kevin/myCode/webSet/pbxSet
2025-10-14 15:57:55 INFO  Base3:101 - GB.webRootPath: 
2025-10-14 16:12:12 INFO  Base3:98 - *******************************
2025-10-14 16:12:12 INFO  Base3:99 - Web Base Program Start
2025-10-14 16:12:12 INFO  Base3:100 - GB.exePath: E:/kevin/myCode/webSet/pbxSet
2025-10-14 16:12:12 INFO  Base3:101 - GB.webRootPath: 
2025-10-14 16:24:32 INFO  Base3:98 - *******************************
2025-10-14 16:24:32 INFO  Base3:99 - Web Base Program Start
2025-10-14 16:24:32 INFO  Base3:100 - GB.exePath: E:/kevin/myCode/webSet/pbxSet
2025-10-14 16:24:32 INFO  Base3:101 - GB.webRootPath: 
2025-10-14 16:26:57 INFO  Base3:98 - *******************************
2025-10-14 16:26:57 INFO  Base3:99 - Web Base Program Start
2025-10-14 16:26:57 INFO  Base3:100 - GB.exePath: E:/kevin/myCode/webSet/pbxSet
2025-10-14 16:26:57 INFO  Base3:101 - GB.webRootPath: 
2025-10-14 16:35:46 INFO  Base3:98 - *******************************
2025-10-14 16:35:46 INFO  Base3:99 - Web Base Program Start
2025-10-14 16:35:46 INFO  Base3:100 - GB.exePath: E:/kevin/myCode/webSet/pbxSet
2025-10-14 16:35:46 INFO  Base3:101 - GB.webRootPath: 
2025-10-14 16:37:19 INFO  Base3:98 - *******************************
2025-10-14 16:37:19 INFO  Base3:99 - Web Base Program Start
2025-10-14 16:37:19 INFO  Base3:100 - GB.exePath: E:/kevin/myCode/webSet/pbxSet
2025-10-14 16:37:19 INFO  Base3:101 - GB.webRootPath: 
2025-10-14 16:39:29 INFO  Base3:98 - *******************************
2025-10-14 16:39:29 INFO  Base3:99 - Web Base Program Start
2025-10-14 16:39:29 INFO  Base3:100 - GB.exePath: E:/kevin/myCode/webSet/pbxSet
2025-10-14 16:39:29 INFO  Base3:101 - GB.webRootPath: 
2025-10-14 16:41:27 INFO  Base3:98 - *******************************
2025-10-14 16:41:27 INFO  Base3:99 - Web Base Program Start
2025-10-14 16:41:27 INFO  Base3:100 - GB.exePath: E:/kevin/myCode/webSet/pbxSet
2025-10-14 16:41:27 INFO  Base3:101 - GB.webRootPath: 
2025-10-14 16:42:47 INFO  Base3:98 - *******************************
2025-10-14 16:42:47 INFO  Base3:99 - Web Base Program Start
2025-10-14 16:42:47 INFO  Base3:100 - GB.exePath: E:/kevin/myCode/webSet/pbxSet
2025-10-14 16:42:47 INFO  Base3:101 - GB.webRootPath: 
2025-10-14 16:48:13 INFO  Base3:98 - *******************************
2025-10-14 16:48:13 INFO  Base3:99 - Web Base Program Start
2025-10-14 16:48:13 INFO  Base3:100 - GB.exePath: E:/kevin/myCode/webSet/pbxSet
2025-10-14 16:48:13 INFO  Base3:101 - GB.webRootPath: 
2025-10-14 17:10:37 INFO  Base3:98 - *******************************
2025-10-14 17:10:37 INFO  Base3:99 - Web Base Program Start
2025-10-14 17:10:37 INFO  Base3:100 - GB.exePath: E:/kevin/myCode/webSet/pbxSet
2025-10-14 17:10:37 INFO  Base3:101 - GB.webRootPath: 
2025-10-14 17:13:31 INFO  Base3:98 - *******************************
2025-10-14 17:13:31 INFO  Base3:99 - Web Base Program Start
2025-10-14 17:13:31 INFO  Base3:100 - GB.exePath: E:/kevin/myCode/webSet/pbxSet
2025-10-14 17:13:31 INFO  Base3:101 - GB.webRootPath: 
2025-10-14 19:37:56 INFO  Base3:98 - *******************************
2025-10-14 19:37:56 INFO  Base3:99 - Web Base Program Start
2025-10-14 19:37:56 INFO  Base3:100 - GB.exePath: E:/kevin/myCode/webSet/pbxSet
2025-10-14 19:37:56 INFO  Base3:101 - GB.webRootPath: 
2025-10-14 19:40:34 INFO  Base3:98 - *******************************
2025-10-14 19:40:34 INFO  Base3:99 - Web Base Program Start
2025-10-14 19:40:34 INFO  Base3:100 - GB.exePath: E:/kevin/myCode/webSet/pbxSet
2025-10-14 19:40:34 INFO  Base3:101 - GB.webRootPath: 
2025-10-14 19:45:17 INFO  Base3:98 - *******************************
2025-10-14 19:45:17 INFO  Base3:99 - Web Base Program Start
2025-10-14 19:45:17 INFO  Base3:100 - GB.exePath: E:/kevin/myCode/webSet/pbxSet
2025-10-14 19:45:17 INFO  Base3:101 - GB.webRootPath: 
2025-10-14 19:50:51 INFO  Base3:98 - *******************************
2025-10-14 19:50:51 INFO  Base3:99 - Web Base Program Start
2025-10-14 19:50:51 INFO  Base3:100 - GB.exePath: E:/kevin/myCode/webSet/pbxSet
2025-10-14 19:50:51 INFO  Base3:101 - GB.webRootPath: 
2025-10-14 19:52:02 INFO  Base3:98 - *******************************
2025-10-14 19:52:02 INFO  Base3:99 - Web Base Program Start
2025-10-14 19:52:02 INFO  Base3:100 - GB.exePath: E:/kevin/myCode/webSet/pbxSet
2025-10-14 19:52:02 INFO  Base3:101 - GB.webRootPath: 
2025-10-15 01:33:30 INFO  Base3:98 - *******************************
2025-10-15 01:33:30 INFO  Base3:99 - Web Base Program Start
2025-10-15 01:33:30 INFO  Base3:100 - GB.exePath: E:/kevin/myCode/webSet/pbxSet
2025-10-15 01:33:30 INFO  Base3:101 - GB.webRootPath: 
2025-10-16 16:32:50 INFO  Base3:98 - *******************************
2025-10-16 16:32:50 INFO  Base3:99 - Web Base Program Start
2025-10-16 16:32:50 INFO  Base3:100 - GB.exePath: E:/kevin/myCode/webSet/pbxSet
2025-10-16 16:32:50 INFO  Base3:101 - GB.webRootPath: 
2025-10-16 16:33:14 INFO  Base3:98 - *******************************
2025-10-16 16:33:14 INFO  Base3:99 - Web Base Program Start
2025-10-16 16:33:14 INFO  Base3:100 - GB.exePath: E:/kevin/myCode/webSet/pbxSet
2025-10-16 16:33:14 INFO  Base3:101 - GB.webRootPath: 
2025-10-16 17:06:47 INFO  Base3:98 - *******************************
2025-10-16 17:06:47 INFO  Base3:99 - Web Base Program Start
2025-10-16 17:06:47 INFO  Base3:100 - GB.exePath: E:/kevin/myCode/webSet/pbxSet
2025-10-16 17:06:47 INFO  Base3:101 - GB.webRootPath: 
2025-10-16 17:09:58 INFO  Base3:98 - *******************************
2025-10-16 17:09:58 INFO  Base3:99 - Web Base Program Start
2025-10-16 17:09:58 INFO  Base3:100 - GB.exePath: E:/kevin/myCode/webSet/pbxSet
2025-10-16 17:09:58 INFO  Base3:101 - GB.webRootPath: 
2025-10-16 17:11:14 INFO  Base3:98 - *******************************
2025-10-16 17:11:14 INFO  Base3:99 - Web Base Program Start
2025-10-16 17:11:14 INFO  Base3:100 - GB.exePath: E:/kevin/myCode/webSet/pbxSet
2025-10-16 17:11:14 INFO  Base3:101 - GB.webRootPath: 
2025-10-16 17:11:44 INFO  Base3:98 - *******************************
2025-10-16 17:11:44 INFO  Base3:99 - Web Base Program Start
2025-10-16 17:11:44 INFO  Base3:100 - GB.exePath: E:/kevin/myCode/webSet/pbxSet
2025-10-16 17:11:44 INFO  Base3:101 - GB.webRootPath: 
2025-10-16 17:22:39 INFO  Base3:98 - *******************************
2025-10-16 17:22:39 INFO  Base3:99 - Web Base Program Start
2025-10-16 17:22:39 INFO  Base3:100 - GB.exePath: E:/kevin/myCode/webSet/pbxSet
2025-10-16 17:22:39 INFO  Base3:101 - GB.webRootPath: 
2025-10-16 17:30:27 INFO  Base3:98 - *******************************
2025-10-16 17:30:27 INFO  Base3:99 - Web Base Program Start
2025-10-16 17:30:27 INFO  Base3:100 - GB.exePath: E:/kevin/myCode/webSet/pbxSet
2025-10-16 17:30:27 INFO  Base3:101 - GB.webRootPath: 
2025-10-16 17:31:22 INFO  Base3:98 - *******************************
2025-10-16 17:31:22 INFO  Base3:99 - Web Base Program Start
2025-10-16 17:31:22 INFO  Base3:100 - GB.exePath: E:/kevin/myCode/webSet/pbxSet
2025-10-16 17:31:22 INFO  Base3:101 - GB.webRootPath: 
2025-10-17 14:59:25 INFO  Base3:98 - *******************************
2025-10-17 14:59:25 INFO  Base3:99 - Web Base Program Start
2025-10-17 14:59:25 INFO  Base3:100 - GB.exePath: E:/kevin/myCode/webSet/pbxSet
2025-10-17 14:59:25 INFO  Base3:101 - GB.webRootPath: 
2025-10-17 14:59:48 INFO  Base3:98 - *******************************
2025-10-17 14:59:48 INFO  Base3:99 - Web Base Program Start
2025-10-17 14:59:48 INFO  Base3:100 - GB.exePath: E:/kevin/myCode/webSet/pbxSet
2025-10-17 14:59:48 INFO  Base3:101 - GB.webRootPath: 
2025-10-17 15:16:04 INFO  Base3:969 - Extension 161 dial to 140.
2025-10-17 15:16:06 INFO  Base3:969 - Extension 161 connect to 140.
2025-10-17 15:16:11 INFO  Base3:969 - Extension 140 disconnect.
2025-10-17 15:16:37 INFO  Base3:969 - Extension 140 dial to 161.
2025-10-17 15:16:41 INFO  Base3:969 - Extension 140 connect to 161.
2025-10-17 15:16:48 INFO  Base3:969 - Extension 140 disconnect.
2025-10-17 15:18:08 INFO  Base3:969 - Extension 140 dial to 161.
2025-10-17 15:18:10 INFO  Base3:969 - Extension 140 connect to 161.
2025-10-17 15:18:59 INFO  Base3:969 - Extension 140 disconnect.
2025-10-17 15:21:34 INFO  Base3:969 - Extension 134 dial to 161.
2025-10-17 15:21:35 INFO  Base3:969 - Extension 134 connect to 161.
2025-10-17 15:21:51 INFO  Base3:969 - Extension 134 disconnect.
2025-10-17 15:21:54 INFO  Base3:969 - Extension 134 dial to 140.
2025-10-17 15:21:56 INFO  Base3:969 - Extension 134 connect to 140.
2025-10-17 15:22:12 INFO  Base3:969 - Extension 140 disconnect.
2025-10-17 15:22:17 INFO  Base3:969 - Extension 140 dial to 134.
2025-10-17 15:22:19 INFO  Base3:969 - Extension 140 connect to 134.
2025-10-17 15:23:39 INFO  Base3:969 - Extension 140 disconnect.
2025-10-17 15:26:57 INFO  Base3:969 - Extension 137 disconnect.
2025-10-17 15:27:39 INFO  Base3:969 - Extension 134 dial to 140.
2025-10-17 15:27:41 INFO  Base3:969 - Extension 134 connect to 140.
2025-10-17 15:27:50 INFO  Base3:969 - Extension 140 disconnect.
2025-10-17 15:27:57 INFO  Base3:969 - Extension 134 dial to 161.
2025-10-17 15:27:58 INFO  Base3:969 - Extension 134 connect to 161.
2025-10-17 15:28:26 INFO  Base3:969 - Extension 134 disconnect.
2025-10-17 15:34:39 INFO  Base3:969 - Extension 137 disconnect.
2025-10-17 15:48:30 INFO  Base3:969 - Extension 137 disconnect.
2025-10-17 15:52:18 INFO  Base3:969 - Extension 137 disconnect.
2025-10-17 16:03:32 INFO  Base3:969 - Extension 137 disconnect.
2025-10-17 16:17:08 INFO  Base3:969 - Extension 137 disconnect.
2025-10-17 16:35:15 INFO  Base3:969 - Extension 137 disconnect.
2025-10-20 11:50:18 INFO  Base3:98 - *******************************
2025-10-20 11:50:18 INFO  Base3:99 - Web Base Program Start
2025-10-20 11:50:18 INFO  Base3:100 - GB.exePath: E:/kevin/myCode/webSet/pbxSet
2025-10-20 11:50:18 INFO  Base3:101 - GB.webRootPath: 
2025-10-20 12:51:06 INFO  Base3:98 - *******************************
2025-10-20 12:51:06 INFO  Base3:99 - Web Base Program Start
2025-10-20 12:51:06 INFO  Base3:100 - GB.exePath: E:/kevin/myCode/webSet/pbxSet
2025-10-20 12:51:06 INFO  Base3:101 - GB.webRootPath: 
2025-10-20 12:51:31 INFO  Base3:98 - *******************************
2025-10-20 12:51:31 INFO  Base3:99 - Web Base Program Start
2025-10-20 12:51:31 INFO  Base3:100 - GB.exePath: E:/kevin/myCode/webSet/pbxSet
2025-10-20 12:51:31 INFO  Base3:101 - GB.webRootPath: 
2025-10-20 17:29:37 INFO  Base3:98 - *******************************
2025-10-20 17:29:37 INFO  Base3:99 - Web Base Program Start
2025-10-20 17:29:37 INFO  Base3:100 - GB.exePath: E:/kevin/myCode/webSet/pbxSet
2025-10-20 17:29:37 INFO  Base3:101 - GB.webRootPath: 
2025-10-20 17:31:44 INFO  Base3:98 - *******************************
2025-10-20 17:31:44 INFO  Base3:99 - Web Base Program Start
2025-10-20 17:31:44 INFO  Base3:100 - GB.exePath: E:/kevin/myCode/webSet/pbxSet
2025-10-20 17:31:44 INFO  Base3:101 - GB.webRootPath: 
2025-10-20 17:34:11 INFO  Base3:98 - *******************************
2025-10-20 17:34:11 INFO  Base3:99 - Web Base Program Start
2025-10-20 17:34:11 INFO  Base3:100 - GB.exePath: E:/kevin/myCode/webSet/pbxSet
2025-10-20 17:34:11 INFO  Base3:101 - GB.webRootPath: 
2025-10-20 17:47:37 INFO  Base3:98 - *******************************
2025-10-20 17:47:37 INFO  Base3:99 - Web Base Program Start
2025-10-20 17:47:37 INFO  Base3:100 - GB.exePath: E:/kevin/myCode/webSet/pbxSet
2025-10-20 17:47:37 INFO  Base3:101 - GB.webRootPath: 
2025-10-20 17:51:31 INFO  Base3:98 - *******************************
2025-10-20 17:51:31 INFO  Base3:99 - Web Base Program Start
2025-10-20 17:51:31 INFO  Base3:100 - GB.exePath: E:/kevin/myCode/webSet/pbxSet
2025-10-20 17:51:31 INFO  Base3:101 - GB.webRootPath: 
2025-10-20 18:08:01 INFO  Base3:98 - *******************************
2025-10-20 18:08:01 INFO  Base3:99 - Web Base Program Start
2025-10-20 18:08:01 INFO  Base3:100 - GB.exePath: E:/kevin/myCode/webSet/pbxSet
2025-10-20 18:08:01 INFO  Base3:101 - GB.webRootPath: 
2025-10-20 18:10:52 INFO  Base3:98 - *******************************
2025-10-20 18:10:52 INFO  Base3:99 - Web Base Program Start
2025-10-20 18:10:52 INFO  Base3:100 - GB.exePath: E:/kevin/myCode/webSet/pbxSet
2025-10-20 18:10:52 INFO  Base3:101 - GB.webRootPath: 
2025-10-20 18:21:29 INFO  Base3:98 - *******************************
2025-10-20 18:21:29 INFO  Base3:99 - Web Base Program Start
2025-10-20 18:21:29 INFO  Base3:100 - GB.exePath: E:/kevin/myCode/webSet/pbxSet
2025-10-20 18:21:29 INFO  Base3:101 - GB.webRootPath: 
2025-10-20 18:24:35 INFO  Base3:98 - *******************************
2025-10-20 18:24:35 INFO  Base3:99 - Web Base Program Start
2025-10-20 18:24:35 INFO  Base3:100 - GB.exePath: E:/kevin/myCode/webSet/pbxSet
2025-10-20 18:24:35 INFO  Base3:101 - GB.webRootPath: 
2025-10-20 18:26:36 INFO  Base3:98 - *******************************
2025-10-20 18:26:36 INFO  Base3:99 - Web Base Program Start
2025-10-20 18:26:36 INFO  Base3:100 - GB.exePath: E:/kevin/myCode/webSet/pbxSet
2025-10-20 18:26:36 INFO  Base3:101 - GB.webRootPath: 
2025-10-20 18:31:49 INFO  Base3:98 - *******************************
2025-10-20 18:31:49 INFO  Base3:99 - Web Base Program Start
2025-10-20 18:31:49 INFO  Base3:100 - GB.exePath: E:/kevin/myCode/webSet/pbxSet
2025-10-20 18:31:49 INFO  Base3:101 - GB.webRootPath: 
2025-10-20 18:34:08 INFO  Base3:98 - *******************************
2025-10-20 18:34:08 INFO  Base3:99 - Web Base Program Start
2025-10-20 18:34:08 INFO  Base3:100 - GB.exePath: E:/kevin/myCode/webSet/pbxSet
2025-10-20 18:34:08 INFO  Base3:101 - GB.webRootPath: 
2025-10-20 18:36:46 INFO  Base3:98 - *******************************
2025-10-20 18:36:46 INFO  Base3:99 - Web Base Program Start
2025-10-20 18:36:46 INFO  Base3:100 - GB.exePath: E:/kevin/myCode/webSet/pbxSet
2025-10-20 18:36:46 INFO  Base3:101 - GB.webRootPath: 
2025-10-20 18:38:04 INFO  Base3:98 - *******************************
2025-10-20 18:38:04 INFO  Base3:99 - Web Base Program Start
2025-10-20 18:38:04 INFO  Base3:100 - GB.exePath: E:/kevin/myCode/webSet/pbxSet
2025-10-20 18:38:04 INFO  Base3:101 - GB.webRootPath: 
2025-10-20 18:42:50 INFO  Base3:98 - *******************************
2025-10-20 18:42:50 INFO  Base3:99 - Web Base Program Start
2025-10-20 18:42:50 INFO  Base3:100 - GB.exePath: E:/kevin/myCode/webSet/pbxSet
2025-10-20 18:42:50 INFO  Base3:101 - GB.webRootPath: 
2025-10-21 11:31:41 INFO  Base3:98 - *******************************
2025-10-21 11:31:41 INFO  Base3:99 - Web Base Program Start
2025-10-21 11:31:41 INFO  Base3:100 - GB.exePath: E:/kevin/myCode/webSet/pbxSet
2025-10-21 11:31:41 INFO  Base3:101 - GB.webRootPath: 
2025-10-21 11:34:05 INFO  Base3:98 - *******************************
2025-10-21 11:34:05 INFO  Base3:99 - Web Base Program Start
2025-10-21 11:34:05 INFO  Base3:100 - GB.exePath: E:/kevin/myCode/webSet/pbxSet
2025-10-21 11:34:05 INFO  Base3:101 - GB.webRootPath: 
2025-10-21 11:35:07 INFO  Base3:98 - *******************************
2025-10-21 11:35:07 INFO  Base3:99 - Web Base Program Start
2025-10-21 11:35:07 INFO  Base3:100 - GB.exePath: E:/kevin/myCode/webSet/pbxSet
2025-10-21 11:35:07 INFO  Base3:101 - GB.webRootPath: 
2025-10-21 11:37:22 INFO  Base3:98 - *******************************
2025-10-21 11:37:22 INFO  Base3:99 - Web Base Program Start
2025-10-21 11:37:22 INFO  Base3:100 - GB.exePath: E:/kevin/myCode/webSet/pbxSet
2025-10-21 11:37:22 INFO  Base3:101 - GB.webRootPath: 
2025-10-22 16:09:00 INFO  Base3:98 - *******************************
2025-10-22 16:09:00 INFO  Base3:99 - Web Base Program Start
2025-10-22 16:09:00 INFO  Base3:100 - GB.exePath: E:/kevin/myCode/webSet/pbxSet
2025-10-22 16:09:00 INFO  Base3:101 - GB.webRootPath: 
2025-10-22 16:10:32 INFO  Base3:98 - *******************************
2025-10-22 16:10:32 INFO  Base3:99 - Web Base Program Start
2025-10-22 16:10:32 INFO  Base3:100 - GB.exePath: E:/kevin/myCode/webSet/pbxSet
2025-10-22 16:10:32 INFO  Base3:101 - GB.webRootPath: 
2025-10-22 16:12:40 INFO  Base3:98 - *******************************
2025-10-22 16:12:40 INFO  Base3:99 - Web Base Program Start
2025-10-22 16:12:40 INFO  Base3:100 - GB.exePath: E:/kevin/myCode/webSet/pbxSet
2025-10-22 16:12:40 INFO  Base3:101 - GB.webRootPath: 
2025-10-22 16:23:52 INFO  Base3:98 - *******************************
2025-10-22 16:23:52 INFO  Base3:99 - Web Base Program Start
2025-10-22 16:23:52 INFO  Base3:100 - GB.exePath: E:/kevin/myCode/webSet/pbxSet
2025-10-22 16:23:52 INFO  Base3:101 - GB.webRootPath: 
2025-10-22 16:24:28 INFO  Base3:98 - *******************************
2025-10-22 16:24:28 INFO  Base3:99 - Web Base Program Start
2025-10-22 16:24:28 INFO  Base3:100 - GB.exePath: E:/kevin/myCode/webSet/pbxSet
2025-10-22 16:24:28 INFO  Base3:101 - GB.webRootPath: 
2025-10-23 14:43:23 INFO  Base3:98 - *******************************
2025-10-23 14:43:23 INFO  Base3:99 - Web Base Program Start
2025-10-23 14:43:23 INFO  Base3:100 - GB.exePath: E:/kevin/myCode/webSet/pbxSet
2025-10-23 14:43:23 INFO  Base3:101 - GB.webRootPath: 
2025-10-23 14:59:23 INFO  Base3:98 - *******************************
2025-10-23 14:59:23 INFO  Base3:99 - Web Base Program Start
2025-10-23 14:59:23 INFO  Base3:100 - GB.exePath: E:/kevin/myCode/webSet/pbxSet
2025-10-23 14:59:23 INFO  Base3:101 - GB.webRootPath: 
2025-10-23 15:29:07 INFO  Base3:98 - *******************************
2025-10-23 15:29:07 INFO  Base3:99 - Web Base Program Start
2025-10-23 15:29:07 INFO  Base3:100 - GB.exePath: E:/kevin/myCode/webSet/pbxSet
2025-10-23 15:29:07 INFO  Base3:101 - GB.webRootPath: 
2025-10-23 15:30:50 INFO  Base3:98 - *******************************
2025-10-23 15:30:50 INFO  Base3:99 - Web Base Program Start
2025-10-23 15:30:50 INFO  Base3:100 - GB.exePath: E:/kevin/myCode/webSet/pbxSet
2025-10-23 15:30:50 INFO  Base3:101 - GB.webRootPath: 
2025-10-23 15:36:23 INFO  Base3:98 - *******************************
2025-10-23 15:36:23 INFO  Base3:99 - Web Base Program Start
2025-10-23 15:36:23 INFO  Base3:100 - GB.exePath: E:/kevin/myCode/webSet/pbxSet
2025-10-23 15:36:23 INFO  Base3:101 - GB.webRootPath: 
2025-10-23 17:10:02 INFO  Base3:98 - *******************************
2025-10-23 17:10:02 INFO  Base3:99 - Web Base Program Start
2025-10-23 17:10:02 INFO  Base3:100 - GB.exePath: E:/kevin/myCode/webSet/pbxSet
2025-10-23 17:10:02 INFO  Base3:101 - GB.webRootPath: 
2025-10-30 15:16:13 INFO  Base3:98 - *******************************
2025-10-30 15:16:13 INFO  Base3:99 - Web Base Program Start
2025-10-30 15:16:13 INFO  Base3:100 - GB.exePath: E:/kevin/myCode/webSet/pbxSet
2025-10-30 15:16:13 INFO  Base3:101 - GB.webRootPath: 
2025-10-30 15:44:31 INFO  Base3:98 - *******************************
2025-10-30 15:44:31 INFO  Base3:99 - Web Base Program Start
2025-10-30 15:44:31 INFO  Base3:100 - GB.exePath: E:/kevin/myCode/webSet/pbxSet
2025-10-30 15:44:31 INFO  Base3:101 - GB.webRootPath: 
2025-10-30 16:04:41 INFO  Base3:98 - *******************************
2025-10-30 16:04:41 INFO  Base3:99 - Web Base Program Start
2025-10-30 16:04:41 INFO  Base3:100 - GB.exePath: E:/kevin/myCode/webSet/pbxSet
2025-10-30 16:04:41 INFO  Base3:101 - GB.webRootPath: 
2025-10-30 16:48:48 INFO  Base3:98 - *******************************
2025-10-30 16:48:48 INFO  Base3:99 - Web Base Program Start
2025-10-30 16:48:48 INFO  Base3:100 - GB.exePath: E:/kevin/myCode/webSet/pbxSet
2025-10-30 16:48:48 INFO  Base3:101 - GB.webRootPath: 
2025-10-30 16:49:28 INFO  Base3:98 - *******************************
2025-10-30 16:49:28 INFO  Base3:99 - Web Base Program Start
2025-10-30 16:49:28 INFO  Base3:100 - GB.exePath: E:/kevin/myCode/webSet/pbxSet
2025-10-30 16:49:28 INFO  Base3:101 - GB.webRootPath: 
2025-10-30 16:55:13 INFO  Base3:98 - *******************************
2025-10-30 16:55:13 INFO  Base3:99 - Web Base Program Start
2025-10-30 16:55:13 INFO  Base3:100 - GB.exePath: E:/kevin/myCode/webSet/pbxSet
2025-10-30 16:55:13 INFO  Base3:101 - GB.webRootPath: 
2025-11-05 13:15:17 INFO  Base3:98 - *******************************
2025-11-05 13:15:17 INFO  Base3:99 - Web Base Program Start
2025-11-05 13:15:17 INFO  Base3:100 - GB.exePath: E:/kevin/myCode/webSet/pbxSet
2025-11-05 13:15:17 INFO  Base3:101 - GB.webRootPath: 
2025-11-05 13:16:19 INFO  Base3:703 - callNumber: softPhone2 ==> 102
2025-11-05 13:16:20 INFO  Base3:703 - callNumber: softPhone2 ==> 102
2025-11-05 13:20:28 INFO  Base3:703 - callNumber: softPhone2 ==> 102
2025-11-05 13:21:13 INFO  Base3:703 - callNumber: softPhone2 ==> 102
2025-11-05 13:33:17 INFO  Base3:98 - *******************************
2025-11-05 13:33:17 INFO  Base3:99 - Web Base Program Start
2025-11-05 13:33:17 INFO  Base3:100 - GB.exePath: E:/kevin/myCode/webSet/pbxSet
2025-11-05 13:33:17 INFO  Base3:101 - GB.webRootPath: 
2025-11-05 13:43:02 INFO  Base3:98 - *******************************
2025-11-05 13:43:02 INFO  Base3:99 - Web Base Program Start
2025-11-05 13:43:02 INFO  Base3:100 - GB.exePath: E:/kevin/myCode/webSet/pbxSet
2025-11-05 13:43:02 INFO  Base3:101 - GB.webRootPath: 
2025-11-05 13:44:41 INFO  Base3:98 - *******************************
2025-11-05 13:44:41 INFO  Base3:99 - Web Base Program Start
2025-11-05 13:44:41 INFO  Base3:100 - GB.exePath: E:/kevin/myCode/webSet/pbxSet
2025-11-05 13:44:41 INFO  Base3:101 - GB.webRootPath: 
2025-11-05 13:57:35 INFO  Base3:98 - *******************************
2025-11-05 13:57:35 INFO  Base3:99 - Web Base Program Start
2025-11-05 13:57:35 INFO  Base3:100 - GB.exePath: E:/kevin/myCode/webSet/pbxSet
2025-11-05 13:57:35 INFO  Base3:101 - GB.webRootPath: 
2025-11-05 13:59:30 INFO  Base3:98 - *******************************
2025-11-05 13:59:30 INFO  Base3:99 - Web Base Program Start
2025-11-05 13:59:30 INFO  Base3:100 - GB.exePath: E:/kevin/myCode/webSet/pbxSet
2025-11-05 13:59:30 INFO  Base3:101 - GB.webRootPath: 
2025-11-05 14:03:31 INFO  Base3:703 - callNumber: softPhone2 ==> *9502
2025-11-05 14:03:34 INFO  Base3:703 - callNumber: softPhone2 ==> *9502
2025-11-05 14:11:31 INFO  Base3:703 - callNumber: softPhone1 ==> 134
2025-11-05 14:11:53 INFO  Base3:703 - callNumber: softPhone1 ==> 134
2025-11-05 14:13:51 INFO  Base3:703 - callNumber: softPhone1 ==> 134
2025-11-05 14:35:06 INFO  Base3:98 - *******************************
2025-11-05 14:35:06 INFO  Base3:99 - Web Base Program Start
2025-11-05 14:35:06 INFO  Base3:100 - GB.exePath: E:/kevin/myCode/webSet/pbxSet
2025-11-05 14:35:06 INFO  Base3:101 - GB.webRootPath: 
2025-11-05 15:47:56 INFO  Base3:98 - *******************************
2025-11-05 15:47:56 INFO  Base3:99 - Web Base Program Start
2025-11-05 15:47:56 INFO  Base3:100 - GB.exePath: E:/kevin/myCode/webSet/pbxSet
2025-11-05 15:47:56 INFO  Base3:101 - GB.webRootPath: 
2025-11-05 16:06:40 INFO  Base3:98 - *******************************
2025-11-05 16:06:40 INFO  Base3:99 - Web Base Program Start
2025-11-05 16:06:40 INFO  Base3:100 - GB.exePath: E:/kevin/myCode/webSet/pbxSet
2025-11-05 16:06:40 INFO  Base3:101 - GB.webRootPath: 
2025-11-05 16:08:51 INFO  Base3:759 - callNumber: softPhone3 ==> 145
2025-11-05 16:18:17 INFO  Base3:759 - callNumber: softPhone3 ==> 145
2025-11-05 16:18:46 INFO  Base3:759 - callNumber: softPhone3 ==> 145
2025-11-05 16:32:54 INFO  Base3:98 - *******************************
2025-11-05 16:32:54 INFO  Base3:99 - Web Base Program Start
2025-11-05 16:32:54 INFO  Base3:100 - GB.exePath: E:/kevin/myCode/webSet/pbxSet
2025-11-05 16:32:54 INFO  Base3:101 - GB.webRootPath: 
2025-11-05 17:03:18 INFO  Base3:98 - *******************************
2025-11-05 17:03:18 INFO  Base3:99 - Web Base Program Start
2025-11-05 17:03:18 INFO  Base3:100 - GB.exePath: E:/kevin/myCode/webSet/pbxSet
2025-11-05 17:03:18 INFO  Base3:101 - GB.webRootPath: 
2025-11-05 17:06:24 INFO  Base3:98 - *******************************
2025-11-05 17:06:24 INFO  Base3:99 - Web Base Program Start
2025-11-05 17:06:24 INFO  Base3:100 - GB.exePath: E:/kevin/myCode/webSet/pbxSet
2025-11-05 17:06:24 INFO  Base3:101 - GB.webRootPath: 
2025-11-07 17:54:36 INFO  Base3:98 - *******************************
2025-11-07 17:54:36 INFO  Base3:99 - Web Base Program Start
2025-11-07 17:54:36 INFO  Base3:100 - GB.exePath: E:/kevin/myCode/webSet/pbxSet
2025-11-07 17:54:36 INFO  Base3:101 - GB.webRootPath: 
2025-11-07 17:55:56 INFO  Base3:98 - *******************************
2025-11-07 17:55:56 INFO  Base3:99 - Web Base Program Start
2025-11-07 17:55:56 INFO  Base3:100 - GB.exePath: E:/kevin/myCode/webSet/pbxSet
2025-11-07 17:55:56 INFO  Base3:101 - GB.webRootPath: 
2025-11-07 18:29:10 INFO  Base3:98 - *******************************
2025-11-07 18:29:10 INFO  Base3:99 - Web Base Program Start
2025-11-07 18:29:10 INFO  Base3:100 - GB.exePath: E:/kevin/myCode/webSet/pbxSet
2025-11-07 18:29:10 INFO  Base3:101 - GB.webRootPath: 
2025-11-07 18:58:54 INFO  Base3:98 - *******************************
2025-11-07 18:58:54 INFO  Base3:99 - Web Base Program Start
2025-11-07 18:58:54 INFO  Base3:100 - GB.exePath: E:/kevin/myCode/webSet/pbxSet
2025-11-07 18:58:54 INFO  Base3:101 - GB.webRootPath: 
2025-11-07 18:59:30 INFO  Base3:98 - *******************************
2025-11-07 18:59:30 INFO  Base3:99 - Web Base Program Start
2025-11-07 18:59:30 INFO  Base3:100 - GB.exePath: E:/kevin/myCode/webSet/pbxSet
2025-11-07 18:59:30 INFO  Base3:101 - GB.webRootPath: 
2025-11-07 19:21:27 INFO  Base3:98 - *******************************
2025-11-07 19:21:27 INFO  Base3:99 - Web Base Program Start
2025-11-07 19:21:27 INFO  Base3:100 - GB.exePath: E:/kevin/myCode/webSet/pbxSet
2025-11-07 19:21:27 INFO  Base3:101 - GB.webRootPath: 
2025-11-07 19:40:36 INFO  Base3:98 - *******************************
2025-11-07 19:40:36 INFO  Base3:99 - Web Base Program Start
2025-11-07 19:40:36 INFO  Base3:100 - GB.exePath: E:/kevin/myCode/webSet/pbxSet
2025-11-07 19:40:36 INFO  Base3:101 - GB.webRootPath: 
2025-11-10 17:23:36 INFO  Base3:98 - *******************************
2025-11-10 17:23:36 INFO  Base3:99 - Web Base Program Start
2025-11-10 17:23:36 INFO  Base3:100 - GB.exePath: E:/kevin/myCode/webSet/pbxSet
2025-11-10 17:23:36 INFO  Base3:101 - GB.webRootPath: 
2025-11-10 17:50:18 INFO  Base3:98 - *******************************
2025-11-10 17:50:18 INFO  Base3:99 - Web Base Program Start
2025-11-10 17:50:18 INFO  Base3:100 - GB.exePath: E:/kevin/myCode/webSet/pbxSet
2025-11-10 17:50:18 INFO  Base3:101 - GB.webRootPath: 
2025-11-10 18:19:23 INFO  Base3:98 - *******************************
2025-11-10 18:19:23 INFO  Base3:99 - Web Base Program Start
2025-11-10 18:19:23 INFO  Base3:100 - GB.exePath: E:/kevin/myCode/webSet/pbxSet
2025-11-10 18:19:23 INFO  Base3:101 - GB.webRootPath: 
2025-11-10 18:21:56 INFO  Base3:98 - *******************************
2025-11-10 18:21:56 INFO  Base3:99 - Web Base Program Start
2025-11-10 18:21:56 INFO  Base3:100 - GB.exePath: E:/kevin/myCode/webSet/pbxSet
2025-11-10 18:21:56 INFO  Base3:101 - GB.webRootPath: 
2025-11-10 19:39:42 INFO  Base3:98 - *******************************
2025-11-10 19:39:42 INFO  Base3:99 - Web Base Program Start
2025-11-10 19:39:42 INFO  Base3:100 - GB.exePath: E:/kevin/myCode/webSet/pbxSet
2025-11-10 19:39:42 INFO  Base3:101 - GB.webRootPath: 
2025-11-10 19:46:03 INFO  Base3:98 - *******************************
2025-11-10 19:46:03 INFO  Base3:99 - Web Base Program Start
2025-11-10 19:46:03 INFO  Base3:100 - GB.exePath: E:/kevin/myCode/webSet/pbxSet
2025-11-10 19:46:03 INFO  Base3:101 - GB.webRootPath: 
2025-11-10 19:49:57 INFO  Base3:98 - *******************************
2025-11-10 19:49:57 INFO  Base3:99 - Web Base Program Start
2025-11-10 19:49:57 INFO  Base3:100 - GB.exePath: E:/kevin/myCode/webSet/pbxSet
2025-11-10 19:49:57 INFO  Base3:101 - GB.webRootPath: 
2025-11-10 19:53:22 INFO  Base3:98 - *******************************
2025-11-10 19:53:22 INFO  Base3:99 - Web Base Program Start
2025-11-10 19:53:22 INFO  Base3:100 - GB.exePath: E:/kevin/myCode/webSet/pbxSet
2025-11-10 19:53:22 INFO  Base3:101 - GB.webRootPath: 
2025-11-10 19:56:41 INFO  Base3:98 - *******************************
2025-11-10 19:56:41 INFO  Base3:99 - Web Base Program Start
2025-11-10 19:56:41 INFO  Base3:100 - GB.exePath: E:/kevin/myCode/webSet/pbxSet
2025-11-10 19:56:41 INFO  Base3:101 - GB.webRootPath: 
2025-11-10 19:57:00 INFO  Base3:98 - *******************************
2025-11-10 19:57:00 INFO  Base3:99 - Web Base Program Start
2025-11-10 19:57:00 INFO  Base3:100 - GB.exePath: E:/kevin/myCode/webSet/pbxSet
2025-11-10 19:57:00 INFO  Base3:101 - GB.webRootPath: 
2025-11-10 20:02:24 INFO  Base3:98 - *******************************
2025-11-10 20:02:24 INFO  Base3:99 - Web Base Program Start
2025-11-10 20:02:24 INFO  Base3:100 - GB.exePath: E:/kevin/myCode/webSet/pbxSet
2025-11-10 20:02:24 INFO  Base3:101 - GB.webRootPath: 
2025-11-10 20:07:07 INFO  Base3:98 - *******************************
2025-11-10 20:07:07 INFO  Base3:99 - Web Base Program Start
2025-11-10 20:07:07 INFO  Base3:100 - GB.exePath: E:/kevin/myCode/webSet/pbxSet
2025-11-10 20:07:07 INFO  Base3:101 - GB.webRootPath: 
2025-11-10 20:10:25 INFO  Base3:98 - *******************************
2025-11-10 20:10:25 INFO  Base3:99 - Web Base Program Start
2025-11-10 20:10:25 INFO  Base3:100 - GB.exePath: E:/kevin/myCode/webSet/pbxSet
2025-11-10 20:10:25 INFO  Base3:101 - GB.webRootPath: 
2025-11-10 20:20:07 INFO  Base3:98 - *******************************
2025-11-10 20:20:07 INFO  Base3:99 - Web Base Program Start
2025-11-10 20:20:07 INFO  Base3:100 - GB.exePath: E:/kevin/myCode/webSet/pbxSet
2025-11-10 20:20:07 INFO  Base3:101 - GB.webRootPath: 
2025-11-10 20:26:12 INFO  Base3:98 - *******************************
2025-11-10 20:26:12 INFO  Base3:99 - Web Base Program Start
2025-11-10 20:26:12 INFO  Base3:100 - GB.exePath: E:/kevin/myCode/webSet/pbxSet
2025-11-10 20:26:12 INFO  Base3:101 - GB.webRootPath: 
2025-11-10 20:26:56 INFO  Base3:98 - *******************************
2025-11-10 20:26:56 INFO  Base3:99 - Web Base Program Start
2025-11-10 20:26:56 INFO  Base3:100 - GB.exePath: E:/kevin/myCode/webSet/pbxSet
2025-11-10 20:26:56 INFO  Base3:101 - GB.webRootPath: 
2025-11-11 18:24:10 INFO  Base3:98 - *******************************
2025-11-11 18:24:10 INFO  Base3:99 - Web Base Program Start
2025-11-11 18:24:10 INFO  Base3:100 - GB.exePath: E:/kevin/myCode/webSet/pbxSet
2025-11-11 18:24:10 INFO  Base3:101 - GB.webRootPath: 
2025-11-11 18:25:30 INFO  Base3:98 - *******************************
2025-11-11 18:25:30 INFO  Base3:99 - Web Base Program Start
2025-11-11 18:25:30 INFO  Base3:100 - GB.exePath: E:/kevin/myCode/webSet/pbxSet
2025-11-11 18:25:30 INFO  Base3:101 - GB.webRootPath: 
2025-11-12 13:28:20 INFO  Base3:98 - *******************************
2025-11-12 13:28:20 INFO  Base3:99 - Web Base Program Start
2025-11-12 13:28:20 INFO  Base3:100 - GB.exePath: D:/kevin/myCode/webSet/pbxSet
2025-11-12 13:28:20 INFO  Base3:101 - GB.webRootPath: 
2025-11-13 11:45:25 INFO  Base3:98 - *******************************
2025-11-13 11:45:25 INFO  Base3:99 - Web Base Program Start
2025-11-13 11:45:25 INFO  Base3:100 - GB.exePath: E:/kevin/myCode/webSet/pbxSet
2025-11-13 11:45:25 INFO  Base3:101 - GB.webRootPath: 
2025-11-13 11:55:09 INFO  Base3:98 - *******************************
2025-11-13 11:55:09 INFO  Base3:99 - Web Base Program Start
2025-11-13 11:55:09 INFO  Base3:100 - GB.exePath: E:/kevin/myCode/webSet/pbxSet
2025-11-13 11:55:09 INFO  Base3:101 - GB.webRootPath: 
2025-11-13 13:05:39 INFO  Base3:98 - *******************************
2025-11-13 13:05:39 INFO  Base3:99 - Web Base Program Start
2025-11-13 13:05:39 INFO  Base3:100 - GB.exePath: E:/kevin/myCode/webSet/pbxSet
2025-11-13 13:05:39 INFO  Base3:101 - GB.webRootPath: 
2025-11-13 13:28:16 INFO  Base3:98 - *******************************
2025-11-13 13:28:16 INFO  Base3:99 - Web Base Program Start
2025-11-13 13:28:16 INFO  Base3:100 - GB.exePath: E:/kevin/myCode/webSet/pbxSet
2025-11-13 13:28:16 INFO  Base3:101 - GB.webRootPath: 
2025-11-13 13:36:41 INFO  Base3:98 - *******************************
2025-11-13 13:36:41 INFO  Base3:99 - Web Base Program Start
2025-11-13 13:36:41 INFO  Base3:100 - GB.exePath: E:/kevin/myCode/webSet/pbxSet
2025-11-13 13:36:41 INFO  Base3:101 - GB.webRootPath: 
2025-11-13 13:43:06 INFO  Base3:98 - *******************************
2025-11-13 13:43:06 INFO  Base3:99 - Web Base Program Start
2025-11-13 13:43:06 INFO  Base3:100 - GB.exePath: E:/kevin/myCode/webSet/pbxSet
2025-11-13 13:43:06 INFO  Base3:101 - GB.webRootPath: 
2025-11-13 14:00:22 INFO  Base3:98 - *******************************
2025-11-13 14:00:22 INFO  Base3:99 - Web Base Program Start
2025-11-13 14:00:22 INFO  Base3:100 - GB.exePath: E:/kevin/myCode/webSet/pbxSet
2025-11-13 14:00:22 INFO  Base3:101 - GB.webRootPath: 
2025-11-13 14:42:24 INFO  Base3:98 - *******************************
2025-11-13 14:42:24 INFO  Base3:99 - Web Base Program Start
2025-11-13 14:42:24 INFO  Base3:100 - GB.exePath: E:/kevin/myCode/webSet/pbxSet
2025-11-13 14:42:24 INFO  Base3:101 - GB.webRootPath: 
2025-11-13 14:45:08 INFO  Base3:98 - *******************************
2025-11-13 14:45:08 INFO  Base3:99 - Web Base Program Start
2025-11-13 14:45:08 INFO  Base3:100 - GB.exePath: E:/kevin/myCode/webSet/pbxSet
2025-11-13 14:45:08 INFO  Base3:101 - GB.webRootPath: 
2025-11-13 15:03:55 INFO  Base3:98 - *******************************
2025-11-13 15:03:55 INFO  Base3:99 - Web Base Program Start
2025-11-13 15:03:55 INFO  Base3:100 - GB.exePath: E:/kevin/myCode/webSet/pbxSet
2025-11-13 15:03:55 INFO  Base3:101 - GB.webRootPath: 
2025-11-13 15:05:13 INFO  Base3:98 - *******************************
2025-11-13 15:05:13 INFO  Base3:99 - Web Base Program Start
2025-11-13 15:05:13 INFO  Base3:100 - GB.exePath: E:/kevin/myCode/webSet/pbxSet
2025-11-13 15:05:13 INFO  Base3:101 - GB.webRootPath: 
2025-11-13 15:08:42 INFO  Base3:98 - *******************************
2025-11-13 15:08:42 INFO  Base3:99 - Web Base Program Start
2025-11-13 15:08:42 INFO  Base3:100 - GB.exePath: E:/kevin/myCode/webSet/pbxSet
2025-11-13 15:08:42 INFO  Base3:101 - GB.webRootPath: 
2025-11-13 15:09:31 INFO  Base3:98 - *******************************
2025-11-13 15:09:31 INFO  Base3:99 - Web Base Program Start
2025-11-13 15:09:31 INFO  Base3:100 - GB.exePath: E:/kevin/myCode/webSet/pbxSet
2025-11-13 15:09:31 INFO  Base3:101 - GB.webRootPath: 
2025-11-13 15:13:45 INFO  Base3:98 - *******************************
2025-11-13 15:13:45 INFO  Base3:99 - Web Base Program Start
2025-11-13 15:13:45 INFO  Base3:100 - GB.exePath: E:/kevin/myCode/webSet/pbxSet
2025-11-13 15:13:45 INFO  Base3:101 - GB.webRootPath: 
2025-11-13 15:20:03 INFO  Base3:98 - *******************************
2025-11-13 15:20:03 INFO  Base3:99 - Web Base Program Start
2025-11-13 15:20:03 INFO  Base3:100 - GB.exePath: E:/kevin/myCode/webSet/pbxSet
2025-11-13 15:20:03 INFO  Base3:101 - GB.webRootPath: 
2025-11-13 15:39:04 INFO  Base3:98 - *******************************
2025-11-13 15:39:04 INFO  Base3:99 - Web Base Program Start
2025-11-13 15:39:04 INFO  Base3:100 - GB.exePath: E:/kevin/myCode/webSet/pbxSet
2025-11-13 15:39:04 INFO  Base3:101 - GB.webRootPath: 
2025-11-13 15:45:15 INFO  Base3:98 - *******************************
2025-11-13 15:45:15 INFO  Base3:99 - Web Base Program Start
2025-11-13 15:45:15 INFO  Base3:100 - GB.exePath: E:/kevin/myCode/webSet/pbxSet
2025-11-13 15:45:15 INFO  Base3:101 - GB.webRootPath: 
2025-11-13 15:48:41 INFO  Base3:98 - *******************************
2025-11-13 15:48:41 INFO  Base3:99 - Web Base Program Start
2025-11-13 15:48:41 INFO  Base3:100 - GB.exePath: E:/kevin/myCode/webSet/pbxSet
2025-11-13 15:48:41 INFO  Base3:101 - GB.webRootPath: 
2025-11-13 15:53:39 INFO  Base3:98 - *******************************
2025-11-13 15:53:39 INFO  Base3:99 - Web Base Program Start
2025-11-13 15:53:39 INFO  Base3:100 - GB.exePath: E:/kevin/myCode/webSet/pbxSet
2025-11-13 15:53:39 INFO  Base3:101 - GB.webRootPath: 
2025-11-13 16:00:38 INFO  Base3:98 - *******************************
2025-11-13 16:00:38 INFO  Base3:99 - Web Base Program Start
2025-11-13 16:00:38 INFO  Base3:100 - GB.exePath: E:/kevin/myCode/webSet/pbxSet
2025-11-13 16:00:38 INFO  Base3:101 - GB.webRootPath: 
2025-11-13 16:08:28 INFO  Base3:98 - *******************************
2025-11-13 16:08:28 INFO  Base3:99 - Web Base Program Start
2025-11-13 16:08:28 INFO  Base3:100 - GB.exePath: E:/kevin/myCode/webSet/pbxSet
2025-11-13 16:08:28 INFO  Base3:101 - GB.webRootPath: 
2025-11-13 16:28:42 INFO  Base3:98 - *******************************
2025-11-13 16:28:42 INFO  Base3:99 - Web Base Program Start
2025-11-13 16:28:42 INFO  Base3:100 - GB.exePath: E:/kevin/myCode/webSet/pbxSet
2025-11-13 16:28:42 INFO  Base3:101 - GB.webRootPath: 
2025-11-13 16:30:42 INFO  Base3:973 - Extension 1012 disconnect.
2025-11-13 16:30:56 INFO  Base3:973 - Extension 1012 disconnect.
2025-11-13 16:59:53 INFO  Base3:98 - *******************************
2025-11-13 16:59:53 INFO  Base3:99 - Web Base Program Start
2025-11-13 16:59:53 INFO  Base3:100 - GB.exePath: E:/kevin/myCode/webSet/pbxSet
2025-11-13 16:59:53 INFO  Base3:101 - GB.webRootPath: 
2025-11-13 17:34:57 INFO  Base3:98 - *******************************
2025-11-13 17:34:57 INFO  Base3:99 - Web Base Program Start
2025-11-13 17:34:57 INFO  Base3:100 - GB.exePath: E:/kevin/myCode/webSet/pbxSet
2025-11-13 17:34:57 INFO  Base3:101 - GB.webRootPath: 
2025-11-13 17:56:17 INFO  Base3:98 - *******************************
2025-11-13 17:56:17 INFO  Base3:99 - Web Base Program Start
2025-11-13 17:56:17 INFO  Base3:100 - GB.exePath: E:/kevin/myCode/webSet/pbxSet
2025-11-13 17:56:17 INFO  Base3:101 - GB.webRootPath: 
2025-11-13 18:00:42 INFO  Base3:98 - *******************************
2025-11-13 18:00:42 INFO  Base3:99 - Web Base Program Start
2025-11-13 18:00:42 INFO  Base3:100 - GB.exePath: E:/kevin/myCode/webSet/pbxSet
2025-11-13 18:00:42 INFO  Base3:101 - GB.webRootPath: 
2025-11-13 18:03:27 INFO  Base3:98 - *******************************
2025-11-13 18:03:27 INFO  Base3:99 - Web Base Program Start
2025-11-13 18:03:27 INFO  Base3:100 - GB.exePath: E:/kevin/myCode/webSet/pbxSet
2025-11-13 18:03:27 INFO  Base3:101 - GB.webRootPath: 
2025-11-13 18:04:39 INFO  Base3:98 - *******************************
2025-11-13 18:04:39 INFO  Base3:99 - Web Base Program Start
2025-11-13 18:04:39 INFO  Base3:100 - GB.exePath: E:/kevin/myCode/webSet/pbxSet
2025-11-13 18:04:39 INFO  Base3:101 - GB.webRootPath: 
